Kategorie A;13;;;;;;;;;;;;;;;;;;;;;;;;
p¯ÌjmenÌ;jmÈno;klub;Trispol;Olöovec;MJF;UstroÚ;Boh»as;Krnov;Anna;ArcMit;VCL;Bahenec;C.C.;TdJ;MAD;StVes;SPAC;MRSAC;MRSAC;GPF;Stonava;ML60;MJV;Paskov;BÏl·
Fierla;Ond¯ej;Team Forman Cinelli;55;46;0;0;44;40;0;0;46;60;60;50;0;55;75;46;70;41;0;55;0;48;31
Matula;Luk·ö;FORCE KCK CYKLOTEAM ZLÕN;60;55;0;0;60;44;55;55;50;55;0;44;60;46;0;56;0;60;0;50;0;42;34
Byrtus;Luk·ö;"SkvÏl· kola-TJ Té T¯inec ""A""";0;32;0;31;36;15;44;60;36;50;55;46;46;0;63;49;56;37;60;37;0;35;27
DuûÌk;Josef;A Bike Club Ostrava;37;26;0;39;48;31;40;46;29;48;46;40;42;0;61;44;47;0;0;48;60;36;38
Kusidlo;Mariusz;"CK KolÌk Hobby BohumÌn ""A""";35;0;0;33;40;19;0;39;23;38;0;0;39;40;57;45;52;44;49;38;0;0;0
!!! Alickun;Eduard;Czernica;0;29;0;0;46;33;36;44;44;42;0;0;35;0;41;0;0;39;70;36;0;0;40
KoneËn˝; Dalibor;A Bike Club Ostrava;0;0;0;36;38;12;0;0;37;46;0;0;40;0;55;38;38;47;54;40;0;0;26
Hradil;Michal;FORCE KCK CYKLOTEAM ZLÕN;24;30;0;0;0;0;0;38;35;39;0;34;34;34;50;40;35;33;50;30;50;34;23
äkoda;Kristi·n;CK Continental Frenöt·t p.R.  1;0;0;0;0;0;30;0;40;26;40;44;38;37;0;54;37;39;30;52;29;0;0;21
BubenÌk;Ji¯Ì;Cykloservis MB;27;18;0;0;42;0;0;34;13;44;42;37;31;0;49;41;30;24;56;0;0;0;0
Krhut;Jan;TJ Favorit Brno;28;0;0;50;50;0;39;48;32;0;0;0;0;0;0;0;0;26;65;39;48;0;0
Z·ruba;Petr;ACK Star· Ves nad Ond¯ejnicÌ;0;0;0;0;0;0;0;50;48;0;50;0;55;37;0;43;0;48;0;60;0;33;0
Fierla;Jan;CK Feso Pet¯vald;20;25;0;0;33;9;0;37;31;36;37;39;32;0;51;0;0;42;0;28;0;0;0
»ern˝;Viktor;YOGI Racing Ostrava 2;0;31;0;0;39;38;0;42;34;0;38;0;38;0;52;0;32;0;0;0;0;44;0
PREJDA;V·clav;TEAM FORMAN CINELI;30;23;0;0;0;39;0;0;39;0;0;0;0;0;53;0;0;43;0;46;0;40;30
URB¡äEK;Jan;EX 23 SARONI FACTORY TEAM;34;36;0;0;0;46;0;0;0;0;0;0;0;42;65;0;0;0;0;0;0;60;48
Hradil;Ji¯Ì;FORCE KCK CYKLOTEAM ZLÕN;0;50;0;0;0;0;50;0;0;0;0;0;50;0;0;0;0;56;0;0;0;55;46
BITTNER;Jakub;In Life Cycling Team;42;48;0;0;0;0;0;0;0;0;0;0;29;0;0;0;0;40;0;0;55;50;37
HRACHOVINA;Eduard;TEAM FORMAN CINELI;40;44;0;0;0;21;0;0;42;37;0;35;0;0;42;0;0;0;0;31;0;0;0
éeravÌk;VojtÏch;TJ Sigma Hranice;0;33;0;0;0;25;0;0;0;0;0;0;33;0;59;0;0;35;0;33;0;32;0
BROKEä;Rostislav;TEAM FORMAN CINELI;48;60;0;0;0;0;0;0;0;0;0;0;0;50;70;0;0;0;0;0;0;0;0
LANT;AntonÌn;TEAM FORMAN CINELI;29;15;0;0;55;17;0;0;16;0;0;0;0;0;48;0;0;0;0;27;0;0;19
Stola¯Ìk;Tom·ö;Lowell Pro äafrata Team BohumÌn;0;39;0;0;0;0;0;0;30;0;39;0;23;0;0;0;0;38;0;0;0;31;25
Motyka;Adam;A Bike Club Ostrava;0;13;0;0;0;0;0;0;14;35;36;32;24;0;0;0;0;0;0;0;39;0;0
Luköa;David;Cyklokramo Suchdol nad Odrou;0;0;0;0;0;0;0;0;19;0;0;0;27;0;0;0;33;29;0;34;0;0;24
BROé;MatÏj;Superior;0;37;0;0;0;0;0;0;60;0;0;0;0;0;0;0;0;52;0;0;0;0;0
BÿEZINA;Tom·ö;IN-LIFE CYCLIG TEAM;0;40;0;0;0;28;0;0;0;0;0;0;36;0;0;0;0;0;0;0;38;0;0
Drozd;Tomasz;MBT TEAMS;0;0;0;0;0;24;0;0;0;0;0;36;48;0;0;0;0;0;0;0;0;0;32
JAGIER ;Mateusz;Polska;44;0;0;0;0;42;0;0;0;0;0;0;0;0;0;0;0;49;0;0;0;0;0
Kalita;Tom·ö;Mike Bike;0;0;0;0;0;0;0;0;33;0;0;0;0;0;0;0;0;22;0;35;44;0;0
Klos;Viktor;Bag Bike-Rubing;0;0;0;0;0;0;0;0;0;0;48;0;0;39;0;0;0;0;0;42;0;0;0
PavlÌk;Petr;"Racing Oleön· ""A""";0;0;0;0;0;0;0;35;0;0;0;0;0;0;0;0;0;0;48;0;0;30;16
SATKE;Tom·ö;BikeCentrum Olomouc;39;0;0;0;0;0;0;0;0;0;0;0;0;0;0;0;0;46;0;0;0;0;44
Chmel;Michal;Superior riders;0;0;0;0;0;0;0;0;27;0;0;0;0;0;40;0;0;0;0;24;37;0;0
PAC;Pavel;Polska;31;0;0;0;0;0;0;0;0;0;0;0;0;0;0;0;0;34;0;0;0;0;60
VL»EK;Pavel;IN-LIFE CYCLIG TEAM;22;19;0;0;0;14;0;0;0;0;0;0;28;0;0;0;0;0;0;0;40;0;0
Petruö;Ji¯Ì;Puskinak.cz;0;0;0;0;0;50;0;0;0;0;0;0;0;0;0;0;0;0;0;0;0;46;18
Dvorsk˝;David;Whirpool AUTHOR;0;0;0;0;0;55;0;0;0;0;0;0;0;0;0;0;0;58;0;0;0;0;0
Hovorka;Ond¯ej;A Bike Club Ostrava;0;17;0;0;32;0;27;36;0;0;0;0;0;0;0;0;0;0;0;0;0;0;0
Kraus;Dariusz;Dar-Bud Team;0;0;0;0;0;0;0;0;0;0;34;0;0;0;0;0;0;0;0;25;36;0;17
BrzÛzka; Adrian;JBG-2 Team;0;0;0;0;0;0;0;0;0;0;0;60;0;0;0;0;0;0;0;0;0;0;50
Jakl;Tom·ö;Lowell Pro äafrata Team BohumÌn;0;35;0;0;0;0;0;0;17;0;35;0;0;0;0;0;0;0;0;0;0;0;22
Aro;Anton;11 F 78. Espoo. Finland;0;0;0;0;0;0;0;0;0;0;0;0;0;0;0;65;43;0;0;0;0;0;0
PAPULA;Luk·ö;EX 23 SARONI FACTORY TEAM;0;22;0;0;0;0;0;0;0;0;0;0;44;0;0;0;0;0;0;0;42;0;0
JosefÌk;Martin;SYMBIO + Cycling;0;0;0;0;0;0;0;0;38;0;0;0;0;0;0;0;42;27;0;0;0;0;0
Matoszko;Filip Grzegorz;;0;0;0;0;0;18;0;0;0;0;0;0;0;0;0;0;0;54;0;0;0;0;33
Wala;Jan;Ex 23 Saroni Factory Team;0;0;0;0;37;35;0;0;0;0;0;0;0;0;31;0;0;0;0;0;0;0;0
Fiolka;Marcin;POLSKA;0;0;0;0;0;20;0;0;0;0;0;0;0;0;0;0;0;50;0;0;0;0;28
Krhut;Martin;CYCLING BRNO BAGBIKE;0;0;0;0;0;0;0;0;0;0;0;0;0;0;0;0;0;0;0;44;46;0;0
Las·k;MatÏj;MAX CURSOS OSTRAVA;0;0;0;0;0;48;0;0;0;0;0;0;0;0;0;0;0;0;0;0;0;0;42
Michalek;Mariusz;JBG-2 Team;0;0;0;0;0;0;0;0;0;0;0;55;0;0;0;0;0;0;0;0;0;0;35
Kubica;Piotr;;0;0;0;0;34;0;0;0;0;0;0;0;0;0;0;0;0;0;0;0;34;0;15
BOR¡K;Martin;IN-LIFE CYCLIG TEAM;32;34;0;0;0;16;0;0;0;0;0;0;0;0;0;0;0;0;0;0;0;0;0
ämedek;Josef;SILVINI CYCLING TEAM;0;0;0;0;30;0;0;0;0;0;0;0;0;0;0;0;0;0;47;0;0;0;0
Klezla;Martin;2K-BIKE CLUB Odry;16;20;0;0;0;11;0;0;0;0;0;0;26;0;0;0;0;0;0;0;0;0;0
Turek;Kamil;SK POGON;0;0;0;0;0;36;0;0;0;0;0;0;0;0;0;0;0;36;0;0;0;0;0
BESTWINA;Michal;;0;0;0;0;0;13;0;0;0;0;0;0;0;0;0;0;0;0;58;0;0;0;0
Folt˝n;Jakub;;0;0;0;0;0;0;0;0;0;0;0;0;0;0;0;0;0;70;0;0;0;0;0
KOéUäNÕK;Adam;SKC Tufo ProstÏjov;0;0;0;0;0;0;0;0;0;0;0;0;0;0;0;0;0;0;0;0;0;38;29
Gruszczyk;Pawel;LKUKS PSZCZYNA;0;0;0;0;0;26;0;0;40;0;0;0;0;0;0;0;0;0;0;0;0;0;0
Buch·Ëek;Tom·ö;;0;0;0;0;0;0;0;0;0;0;0;0;0;0;0;0;0;65;0;0;0;0;0
Mal·tek ;VojtÏch;CK OrlÌk Orlov·;0;0;0;0;0;0;0;0;0;0;0;0;0;0;0;0;0;0;0;0;35;29;0
Janoöek;Tom·ö;ACK Star· Ves nad Ond¯ejnicÌ;0;27;0;0;0;0;0;0;0;0;0;0;0;35;0;0;0;0;0;0;0;0;0
Neset;Jan;In Life Cycling Team;0;0;0;0;0;0;0;0;0;0;0;0;30;0;0;0;0;31;0;0;0;0;0
Tomek;Josef;Denzel CLIFF Wien;0;0;0;0;0;22;0;0;0;0;0;0;0;0;0;0;0;0;0;0;0;39;0
»ER;Tom·ö;Bikestyle.cz;0;0;0;0;0;0;0;0;0;0;0;0;0;60;0;0;0;0;0;0;0;0;0
Stosz;Patryk;Profesional cycling Team;0;0;0;0;0;60;0;0;0;0;0;0;0;0;0;0;0;0;0;0;0;0;0
ätep·nik;Ji¯Ì;;0;0;0;0;0;0;0;0;0;0;0;0;0;0;0;0;0;23;0;0;0;37;0
Z·ruba;Pavel;;0;0;0;0;0;0;0;0;0;0;0;0;0;0;0;0;0;28;0;32;0;0;0
Koci·n;Tom·ö;LHOTA TEAM;0;0;0;0;0;10;0;0;0;0;0;0;0;0;0;0;0;0;0;26;0;0;20
Halejak;Wojciech;JBG Mysznik;0;0;0;0;0;0;0;0;0;0;0;0;0;0;0;0;0;0;0;0;0;0;55
Pawlak;Grzegorz;Whistle;0;0;0;0;0;0;0;0;55;0;0;0;0;0;0;0;0;0;0;0;0;0;0
Matoga;Tomasz;TKKF UKLEJNA MYåLENICE;0;0;0;0;0;0;0;0;25;0;0;0;25;0;0;0;0;0;0;0;0;0;0
NEVÕDAL;Ond¯ej;BohuÚovice;50;0;0;0;0;0;0;0;0;0;0;0;0;0;0;0;0;0;0;0;0;0;0
Hampl;Petr;TJ Favorit Brno;0;0;0;0;0;0;0;0;0;0;0;0;0;48;0;0;0;0;0;0;0;0;0
Kozak;M.J.;JBG-2 Team;0;0;0;0;0;0;0;0;0;0;0;48;0;0;0;0;0;0;0;0;0;0;0
PETRUä;LubomÌr;Prestige Team;46;0;0;0;0;0;0;0;0;0;0;0;0;0;0;0;0;0;0;0;0;0;0
KOBLIHA ;Ond¯ej;;0;0;0;0;0;0;0;0;0;0;0;0;0;0;0;0;0;45;0;0;0;0;0
Bellan ;Juraj;Firefly;0;0;0;0;0;0;0;0;0;0;0;0;0;44;0;0;0;0;0;0;0;0;0
Willmann;Filip;XxX ;23;0;0;0;0;0;0;0;21;0;0;0;0;0;0;0;0;0;0;0;0;0;0
Braulinski; Michal;JBG-2 Team;0;0;0;0;0;0;0;0;0;0;0;42;0;0;0;0;0;0;0;0;0;0;0
Nepraö;Karel;ACK Star· Ves nad Ond¯ejnicÌ;0;42;0;0;0;0;0;0;0;0;0;0;0;0;0;0;0;0;0;0;0;0;0
Jasynsky;Martin;Kupnakolo;0;0;0;0;0;0;0;0;0;0;40;0;0;0;0;0;0;0;0;0;0;0;0
KUCEWICZ;Michal;Legia Corattec;17;0;0;0;0;23;0;0;0;0;0;0;0;0;0;0;0;0;0;0;0;0;0
Jegier;Mateusz;Fiolka Trans Magenta;0;0;0;0;0;0;0;0;0;0;0;0;0;0;0;0;0;0;0;0;0;0;39
DOMAGALA;Patryk;Legia Corattec;38;0;0;0;0;0;0;0;0;0;0;0;0;0;0;0;0;0;0;0;0;0;0
Holec;Jakub;Scott Kokot Team;0;16;0;0;0;0;0;0;22;0;0;0;0;0;0;0;0;0;0;0;0;0;0
KOTRLA;Michal;Specialized PLANET BIKES TEAM;0;38;0;0;0;0;0;0;0;0;0;0;0;0;0;0;0;0;0;0;0;0;0
MiËuda;Simon;Firefly;0;0;0;0;0;0;0;0;0;0;0;0;0;38;0;0;0;0;0;0;0;0;0
Szcepanowski;Bartosz;UCI CONTINENTAL TEAMS;0;0;0;0;0;37;0;0;0;0;0;0;0;0;0;0;0;0;0;0;0;0;0
Buksa;Dominik;Future cycling;0;0;0;0;0;0;0;0;0;0;0;0;0;0;0;0;0;0;0;0;0;0;36
Ganc;Marek;Firefly;0;0;0;0;0;0;0;0;0;0;0;0;0;36;0;0;0;0;0;0;0;0;0
KÿEäç¡K;Filip;Cycling Brno;36;0;0;0;0;0;0;0;0;0;0;0;0;0;0;0;0;0;0;0;0;0;0
Grego¯ica;Rene;Erholung Triatlon Team;0;0;0;0;35;0;0;0;0;0;0;0;0;0;0;0;0;0;0;0;0;0;0
Kucieba;Karol;Klub Kolarski;0;0;0;0;0;34;0;0;0;0;0;0;0;0;0;0;0;0;0;0;0;0;0
Nov·k;Patrik;Quint bike;0;0;0;0;0;0;0;0;0;0;0;0;0;0;34;0;0;0;0;0;0;0;0
H·jek;Adam;Quintbike;0;0;0;0;0;0;0;0;0;0;0;0;0;0;33;0;0;0;0;0;0;0;0
Heczko;Filip;"SkvÏl· kola-TJ Té T¯inec ""B""";0;0;0;0;0;0;0;0;0;0;0;33;0;0;0;0;0;0;0;0;0;0;0
KUBALA;Petr;CK Feso Pet¯vald;33;0;0;0;0;0;0;0;0;0;0;0;0;0;0;0;0;0;0;0;0;0;0
H¯ivÚack˝;Marek;Quint bike;0;0;0;0;0;0;0;0;0;0;0;0;0;0;32;0;0;0;0;0;0;0;0
Pacan;Mateusz;SK POGON;0;0;0;0;0;32;0;0;0;0;0;0;0;0;0;0;0;0;0;0;0;0;0
PRCOM;Mateusz;;0;0;0;0;0;0;0;0;0;0;0;0;0;0;0;0;0;32;0;0;0;0;0
Pech;David;TuËÚ·ËÌ Tandem;0;0;0;0;31;0;0;0;0;0;0;0;0;0;0;0;0;0;0;0;0;0;0
Grepl;Radim;"CK KolÌk Hobby BohumÌn ""B""";0;0;0;0;29;0;0;0;0;0;0;0;0;0;0;0;0;0;0;0;0;0;0
JAVŸREK;Martin;Amenity Extrem Sport Team;0;14;0;0;0;0;0;0;15;0;0;0;0;0;0;0;0;0;0;0;0;0;0
Szymanski;Patryk;TC Chrobry Saroni Glogow;0;0;0;0;0;29;0;0;0;0;0;0;0;0;0;0;0;0;0;0;0;0;0
FRKAL;Jakub;TJ Sigma Hranice;0;28;0;0;0;0;0;0;0;0;0;0;0;0;0;0;0;0;0;0;0;0;0
MÌËek;Ond¯ej;;0;0;0;0;0;0;0;0;28;0;0;0;0;0;0;0;0;0;0;0;0;0;0
PIETRO“ ;Jan;Bike Sport servis Opava;0;0;0;0;0;0;0;0;0;0;0;0;0;0;0;0;27;0;0;0;0;0;0
Robert;Michal;TROSZOK;0;0;0;0;0;27;0;0;0;0;0;0;0;0;0;0;0;0;0;0;0;0;0
MACHALA;Jan;CykloRacing Olomouc;26;0;0;0;0;0;0;0;0;0;0;0;0;0;0;0;0;0;0;0;0;0;0
Dost·l;Jan;;0;0;0;0;0;0;0;0;0;0;0;0;0;0;0;0;0;25;0;0;0;0;0
STRATIL;Vladislav;CK Brno;25;0;0;0;0;0;0;0;0;0;0;0;0;0;0;0;0;0;0;0;0;0;0
Jahn;Ji¯Ì;;0;0;0;0;0;0;0;0;24;0;0;0;0;0;0;0;0;0;0;0;0;0;0
JAVŸREK;Ji¯Ì;CK CHEMAP P¯erov;0;24;0;0;0;0;0;0;0;0;0;0;0;0;0;0;0;0;0;0;0;0;0
Salomon;Marek;;0;0;0;0;0;0;0;0;0;0;0;0;0;0;0;0;0;0;0;23;0;0;0
MROVÃC;Tomas;Dolca Cyklo;0;0;0;0;0;0;0;0;0;0;0;0;0;0;0;0;0;0;0;22;0;0;0
BOHUä;VojtÏch;Caramba Team;0;0;0;0;0;0;0;0;0;0;0;0;0;0;0;0;0;0;0;21;0;0;0
DANÃK;Ji¯Ì;»esl· spo¯itelna - Specialized;0;21;0;0;0;0;0;0;0;0;0;0;0;0;0;0;0;0;0;0;0;0;0
STRAKOä;Jaroslav;BikeSport Mohelnice;21;0;0;0;0;0;0;0;0;0;0;0;0;0;0;0;0;0;0;0;0;0;0
Svajba;Tomasz;;0;0;0;0;0;0;0;0;0;0;0;0;0;0;0;0;0;21;0;0;0;0;0
Widzyk;Jan;;0;0;0;0;0;0;0;0;20;0;0;0;0;0;0;0;0;0;0;0;0;0;0
HORT;Ji¯Ì;;19;0;0;0;0;0;0;0;0;0;0;0;0;0;0;0;0;0;0;0;0;0;0
BIENIEK;Lukasz;Polska;18;0;0;0;0;0;0;0;0;0;0;0;0;0;0;0;0;0;0;0;0;0;0
Sch˝bal;Pavel;;0;0;0;0;0;0;0;0;18;0;0;0;0;0;0;0;0;0;0;0;0;0;0
MRUZEK;Michal;Head Bike TJ Opava;15;0;0;0;0;0;0;0;0;0;0;0;0;0;0;0;0;0;0;0;0;0;0
K¯Ìstek;Martin;YOGI Racing Ostrava 1;0;0;0;0;0;0;0;0;0;0;0;0;0;0;0;0;0;0;0;0;0;0;0
Marek;Jaroslav;CK Continental Frenöt·t p.R.  2;0;0;0;0;0;0;0;0;0;0;0;0;0;0;0;0;0;0;0;0;0;0;0
Reichel;Sebastian;;0;0;0;0;0;0;0;0;0;0;0;0;0;0;0;0;0;0;0;0;0;0;0
Szlauer;David;"SkvÏl· kola-TJ Té T¯inec  ""B""";0;0;0;0;0;0;0;0;0;0;0;0;0;0;0;0;0;0;0;0;0;0;0
äustr;VilÈm;ACK Star· Ves nad Ond¯ejnicÌ;0;0;0;0;0;0;0;0;0;0;0;0;0;0;0;0;0;0;0;0;0;0;0
;;;;;;;;;;;;;;;;;;;;;;;;;
Kategorie B;13;;;;;;;;;;;;;;;;;;;;;;;;
p¯ÌjmenÌ;jmÈno;klub;Trispol;Olöovec;MJF;UstroÚ;Boh»as;Krnov;Anna;ArcMit;VCL;Bahenec;C.C.;TdJ;MAD;StVes;SPAC;MRSAC;MRSAC;GPF;Stonava;ML60;MJV;Paskov;BÏl·
GalatÌk;Roman;CK Continental Frenöt·t p.R.  1;38;37;0;0;55;60;0;55;60;48;50;48;60;0;63;58;40;47;65;42;60;55;50
Chamr·d;Ji¯Ì;;0;0;0;46;0;0;37;40;0;55;0;55;55;50;70;47;65;49;0;40;33;40;32
Javorek;Petr;www.masazprozeny.cz;46;48;0;38;0;50;33;0;36;0;46;44;48;55;51;0;0;52;0;48;46;60;0
SlavÌk;Ji¯Ì;FORCE KCK CYKLOTEAM ZLÕN;0;50;0;39;0;48;55;0;33;0;42;40;50;0;47;0;48;54;45;46;32;44;55
Kvapulinsk˝;Martin;A Bike Club Ostrava;27;39;0;29;44;36;25;46;0;46;55;50;34;0;55;46;0;44;54;44;42;0;0
Mitrenga;Petr;"SkvÏl· kola-TJ Té T¯inec ""A""";35;46;0;35;36;42;35;44;44;42;44;39;46;0;59;42;35;50;46;38;38;48;38
!!! SWACZYNA;Petr;CK Feso Pet¯vald;48;60;0;60;42;55;0;0;55;60;0;60;0;0;31;0;0;0;0;60;0;0;60
Hlawiczka;Martin;"SkvÏl· kola-TJ Té T¯inec ""A""";0;44;0;0;38;0;0;39;37;39;37;36;0;46;50;43;31;40;44;0;31;46;31
Folt˝n;Ji¯Ì;"CK KolÌk Hobby BohumÌn ""A""";32;40;0;25;46;34;14;38;38;38;30;31;0;44;43;37;0;0;49;29;24;0;0
Bollo;Roman;YOGI Racing Ostrava 2;24;35;0;0;32;33;0;0;0;44;40;0;0;0;57;41;0;45;47;33;0;38;29
Fryc;Bohdan;A Bike Club Ostrava;0;38;0;0;31;32;0;33;29;37;33;32;0;0;46;0;0;38;41;32;0;36;28
Heinrich;Luk·ö;BIKESTYLE.CZ;30;0;0;0;0;38;0;0;39;0;38;0;0;60;53;0;39;48;0;0;48;0;44
Motyka;Patrik;A Bike Club Ostrava;0;0;0;0;28;44;0;34;26;0;35;37;39;0;48;0;0;0;37;34;28;42;0
JureËka;Roman;CK Continental Frenöt·t p.R.  1;29;0;0;9;37;0;0;37;0;36;29;28;26;40;0;0;0;0;50;27;0;39;27
äenke¯Ìk;Jan;FORCE KCK CYKLOTEAM ZLÕN;0;0;0;42;0;0;0;0;42;50;0;46;22;48;0;0;70;37;0;39;0;0;0
»ER;Tom·ö;BikeStyle.cz;55;0;0;0;0;0;0;0;50;0;0;0;0;0;75;0;46;65;0;0;50;0;46
UCHYTIL;Martin;UherskÈ HradiötÏ;34;42;0;0;0;39;0;0;32;0;36;35;23;0;49;0;0;0;0;0;0;0;0
KoneËn˝;Luk·ö;CK Vlastibor KoneËn˝;0;0;0;0;0;0;0;0;0;40;0;0;0;0;54;0;52;0;52;50;39;0;0
Wrozyna;Rafal;Jafisport bike team;0;0;0;0;0;0;0;50;0;0;0;42;0;0;0;0;0;0;56;0;44;50;42
Holona;Martin;HPEL TEAM;0;0;0;0;40;0;0;36;0;0;0;0;0;0;44;48;0;0;42;0;30;0;33
HudeËek;Petr;Forman Cinnelli;0;0;0;0;0;0;0;0;0;0;60;0;0;0;65;0;0;70;0;55;0;0;0
Grigorescu;Lubor;Roûnov;0;0;0;0;0;40;0;0;0;0;34;33;0;0;52;0;37;46;0;0;0;0;0
Pietrzyk;Vratislav;"SkvÏl· kola-TJ Té T¯inec ""A""";0;0;0;0;50;0;0;48;0;0;0;34;0;0;0;52;0;0;58;0;0;0;0
Przieliorz;Pawel;"CK KolÌk Hobby BohumÌn ""A""";0;0;0;0;0;30;0;0;28;0;0;0;27;39;0;0;0;39;0;35;0;0;30
Pet¯Ìk;ZdenÏk;Cyklistika pro vöechny Krnov;39;0;0;0;0;0;0;0;0;0;39;0;44;0;61;0;0;0;0;0;0;0;37
äv·b;Miroslav;CYCLING BRNO BAGBIKE;0;0;0;0;60;0;0;60;0;0;0;0;0;0;0;0;0;0;70;0;0;0;0
PilËÌk;Adam;Novatop Lapierre;0;0;0;0;0;0;0;0;48;0;0;0;0;0;0;0;0;56;0;36;0;0;48
Gruchala;VojtÏch;TK Ostrava;0;0;0;0;0;0;0;32;0;35;32;0;0;0;41;0;0;0;38;0;0;0;0
Sekanina;Petr;LOKO KROV;0;0;0;0;0;46;0;0;0;0;0;0;40;0;0;0;0;43;0;0;40;0;0
Chochol·Ë;Ji¯Ì;CK Continental Frenöt·t p.R.  1;0;55;0;0;0;0;0;0;46;0;48;0;0;0;0;0;0;0;0;0;0;0;0
œurica;Ji¯Ì;;0;0;0;0;29;0;0;28;0;0;0;0;0;0;28;0;0;0;0;0;23;35;0
Chud˝;Jan;;0;0;0;0;0;0;0;0;0;0;0;0;0;0;40;0;0;0;0;28;0;37;35
Bab·n;Marcel;Cykloservis MB;0;0;0;0;48;0;0;42;0;0;0;0;0;0;0;0;0;0;48;0;0;0;0
Mat·k;Andrej;Cykloklub Kysuce A;0;0;0;0;35;0;0;35;0;34;0;29;0;0;0;0;0;0;0;0;0;0;0
Vr·bel;David;SK MAXBIKE Ostrava;0;0;0;0;30;29;0;30;0;0;0;0;0;0;0;0;0;0;39;0;0;0;0
Dohnal;Tom·ö;Cyklokramo Suchdol nad Odrou;0;0;0;0;34;0;0;0;0;0;0;0;0;0;0;0;0;0;40;24;0;0;22
Androsz;Michal;"CK KolÌk Hobby BohumÌn ""B""";0;0;0;0;33;0;17;0;0;0;0;0;35;0;0;0;0;0;0;0;29;0;0
Novotn˝;Ji¯Ì;Team Forman Cinelli;20;34;0;0;0;0;0;0;0;0;0;0;0;0;37;0;0;0;0;0;22;0;0
Kornak;Szymon;;0;0;0;0;0;0;0;0;31;0;0;0;29;0;0;0;0;0;0;25;0;0;26
Wardziak;Wojciech;Jafisport Bike Team;0;0;0;0;0;0;0;0;0;0;0;0;38;0;0;0;0;0;0;0;35;0;34
Krhut;Martin;SK Bagbike Rubing;0;0;0;0;0;0;0;0;0;0;0;0;0;0;0;0;45;58;0;0;0;0;0
Kwiecieny;Adam;;0;0;0;0;0;0;0;0;0;0;31;0;0;42;0;0;0;0;0;30;0;0;0
Sekta;Rafal;JAFISPORT BIKE TEAM;0;0;0;0;0;0;0;0;0;0;0;0;0;0;0;0;0;0;0;0;55;0;40
StanÏk;Pavel;Cyklosport P¯ikryl Star· Ves n. Ond¯ejnicÌ;0;0;0;0;0;0;0;0;0;0;0;0;25;0;38;0;25;0;0;0;0;0;0
RuËka;Richard;UCJH;0;0;0;0;0;0;0;0;0;0;0;0;36;0;45;0;0;0;0;0;0;0;0
Hendrych;David;BIKESTYLE.CZ;0;0;0;0;0;0;0;0;0;0;0;0;0;0;30;0;0;0;0;0;25;0;23
Maksant;Jind¯ich;IN LINE cycling Team;0;0;0;0;0;35;0;0;0;0;0;0;0;0;0;0;0;42;0;0;0;0;0
Karmelka;Tom·ö;BIKESTYLE.CZ;0;0;0;0;0;0;0;0;0;0;0;0;42;0;0;0;0;0;0;31;0;0;0
KARMELITA;Tom·ö;Loko Krnov;28;0;0;0;0;0;0;0;0;0;0;0;0;0;39;0;0;0;0;0;0;0;0
Zajac;Aleksander;Bike Atelier Team;0;0;0;0;0;0;0;0;35;0;0;0;32;0;0;0;0;0;0;0;0;0;0
MalÌk;Roman;Racing Oleön·;0;0;0;0;39;0;0;27;0;0;0;0;0;0;0;0;0;0;0;0;0;0;0
Wyszynsky;Daruiusz;;0;0;0;0;0;0;0;0;0;0;28;0;0;38;0;0;0;0;0;0;0;0;0
Baron;Pawel;;0;0;0;0;0;0;0;0;0;0;0;0;28;0;0;0;0;0;0;0;37;0;0
BUCH¡»EK;Tom·ö;Whirpool Author Cycling Team;60;0;0;0;0;0;0;0;0;0;0;0;0;0;0;0;0;0;0;0;0;0;0
Maj;Kamil;;0;0;0;0;0;0;0;0;0;0;0;0;0;0;0;0;0;60;0;0;0;0;0
StraË·nek;Petr;CBASE BRNO;23;0;0;0;0;0;0;0;0;0;0;0;0;37;0;0;0;0;0;0;0;0;0
ämÌd;Robert;CYCLING BRNO BAGBIKE;0;0;0;0;0;0;0;0;0;0;0;0;0;0;0;0;0;0;60;0;0;0;0
JureËka;Petr;;0;0;0;0;0;0;0;0;0;0;0;0;0;0;0;0;0;0;36;21;0;0;0
Nowok;Michal;Jafisport bike team;0;0;0;0;0;0;0;31;0;0;0;0;0;0;0;0;0;0;0;0;0;0;25
Holub;Milan;Bikestyle Opava;0;0;0;0;0;0;0;0;0;0;0;0;0;0;0;0;0;0;0;28;27;0;0
Kitlowski;Piotr;Jafisport bike team;0;0;0;0;0;0;0;29;0;0;0;26;0;0;0;0;0;0;0;0;0;0;0
KOPECK›;Tom·ö;ZHOR Team;26;0;0;0;0;0;0;0;0;0;0;0;0;0;29;0;0;0;0;0;0;0;0
BARTOSZEK;Damian;Legia Corattec;50;0;0;0;0;0;0;0;0;0;0;0;0;0;0;0;0;0;0;0;0;0;0
Holacky;Miroslav;äumperk;0;0;0;0;0;0;0;0;0;0;0;27;0;0;0;0;0;0;0;0;0;0;20
PÿICHYSTAL;Luk·ö;PM Bike éidlochovice;44;0;0;0;0;0;0;0;0;0;0;0;0;0;0;0;0;0;0;0;0;0;0
Gaj;Andrej;Sokol Kety;0;0;0;0;0;0;0;0;0;0;0;0;0;0;0;0;0;0;0;22;0;0;21
Hajewski;Tomasz;trenujtriathlon.pl;0;0;0;0;0;0;0;0;0;0;0;0;0;0;0;0;0;0;43;0;0;0;0
TomeËek;LubomÌr;;0;0;0;0;0;0;0;0;0;0;0;0;0;0;42;0;0;0;0;0;0;0;0
VAäÕ»EK;Pavel;CykloRacing Olomouc;42;0;0;0;0;0;0;0;0;0;0;0;0;0;0;0;0;0;0;0;0;0;0
Surma;Piotr;;0;0;0;0;0;0;0;0;0;0;0;0;0;0;0;0;0;41;0;0;0;0;0
KAJNAR;Tom·ö;Nutrend Specialized;40;0;0;0;0;0;0;0;0;0;0;0;0;0;0;0;0;0;0;0;0;0;0
Traciak;Arkadiusz;(POL) KS LUBO— SKOMIELNA BIA£A;0;0;0;0;0;0;0;0;40;0;0;0;0;0;0;0;0;0;0;0;0;0;0
KUCZY—SKI;Krzysztof;ZVL Kreidler Sportiva;0;0;0;0;0;0;0;0;0;0;0;0;0;0;0;0;0;0;0;0;0;0;39
TeslÌk;Petr;YOGI Racing Ostrava 1;0;0;0;0;0;0;0;0;0;0;0;38;0;0;0;0;0;0;0;0;0;0;0
Brygola;Sebastian;;0;0;0;0;0;0;0;0;0;0;0;0;37;0;0;0;0;0;0;0;0;0;0
Kavan;Ond¯ej;NOVATOP GHOST;0;0;0;0;0;0;0;0;0;0;0;0;0;0;0;0;0;0;0;37;0;0;0
POHANKA;Libor;CK Brno;37;0;0;0;0;0;0;0;0;0;0;0;0;0;0;0;0;0;0;0;0;0;0
Szenderski;Marcin;Niezrzeszony;0;0;0;0;0;37;0;0;0;0;0;0;0;0;0;0;0;0;0;0;0;0;0
Banach;Szymon;Atak sport C67 Racine team;0;0;0;0;0;0;0;0;0;0;0;0;0;0;0;0;0;0;0;0;36;0;0
BRYCHTA;Jan;SvÏt cyklistiky.cz;0;36;0;0;0;0;0;0;0;0;0;0;0;0;0;0;0;0;0;0;0;0;0
HA£AS ;Jaros≥aw;;0;0;0;0;0;0;0;0;0;0;0;0;0;0;0;0;0;0;0;0;0;0;36
KECHRT ;Tom·ö;Pells Team;36;0;0;0;0;0;0;0;0;0;0;0;0;0;0;0;0;0;0;0;0;0;0
Bukovsk˝;Luk·ö;CycloMax rock machine;0;0;0;0;0;0;0;0;0;0;0;0;0;0;0;0;0;0;0;0;34;0;0
Martin·k;Tom·ö;SKVK;0;0;0;0;0;0;0;0;34;0;0;0;0;0;0;0;0;0;0;0;0;0;0
Knebel;Radim;EDD6 GV MX;0;0;0;0;0;0;0;0;0;0;0;0;33;0;0;0;0;0;0;0;0;0;0
RESS;Tom·ö;Bike Galery;33;0;0;0;0;0;0;0;0;0;0;0;0;0;0;0;0;0;0;0;0;0;0
Pelka;Dariusz;Jafisport Bike Team;0;0;0;0;0;0;0;0;0;0;0;0;31;0;0;0;0;0;0;0;0;0;0
Sleziak;Lukasz;Korbomania;0;0;0;0;0;31;0;0;0;0;0;0;0;0;0;0;0;0;0;0;0;0;0
VYCHODIL;Tom·ö;CykloKoalice ZlatÈ Hory a PÌseËn·;31;0;0;0;0;0;0;0;0;0;0;0;0;0;0;0;0;0;0;0;0;0;0
Scheibinger;Ji¯Ì;TÏrlice;0;0;0;0;0;0;0;0;0;0;0;30;0;0;0;0;0;0;0;0;0;0;0
Stefek;Leslaw;;0;0;0;0;0;0;0;0;0;0;0;0;30;0;0;0;0;0;0;0;0;0;0
Tkadlec;Josef;;0;0;0;0;0;0;0;0;30;0;0;0;0;0;0;0;0;0;0;0;0;0;0
Kvarda;Roman;Racing Oleön·;0;0;0;0;0;0;0;0;0;0;0;0;0;0;0;0;28;0;0;0;0;0;0
Grygiel;Pavel;;0;0;0;0;27;0;0;0;0;0;0;0;0;0;0;0;0;0;0;0;0;0;0
KvÏtoÚ;Ji¯Ì;;0;0;0;0;0;0;0;0;27;0;0;0;0;0;0;0;0;0;0;0;0;0;0
Schvarz;Ond¯ej;PUR Frenöt·t;0;0;0;0;0;0;0;0;0;0;27;0;0;0;0;0;0;0;0;0;0;0;0
Kaplon ;Julian;Atak sport C67 Racine team;0;0;0;0;0;0;0;0;0;0;0;0;0;0;0;0;0;0;0;0;26;0;0
MoravËÌk;Petr;Continental;0;0;0;0;0;0;0;0;0;0;26;0;0;0;0;0;0;0;0;0;0;0;0
äimon;VÌtÏzslav;Loko Krnov;25;0;0;0;0;0;0;0;0;0;0;0;0;0;0;0;0;0;0;0;0;0;0
Olsewski;Kornel;Bike Atelier Team;0;0;0;0;0;0;0;0;0;0;0;0;24;0;0;0;0;0;0;0;0;0;0
VIL¡äEK ;Michael;Novatop Lapiere;0;0;0;0;0;0;0;0;0;0;0;0;0;0;0;0;0;0;0;0;0;0;24
JANE»EK;Roman;Caramba Team;0;0;0;0;0;0;0;0;0;0;0;0;0;0;0;0;0;0;0;23;0;0;0
RABL;Martin;BagBike ;22;0;0;0;0;0;0;0;0;0;0;0;0;0;0;0;0;0;0;0;0;0;0
äVEC;LudÏk;RD R˝ma¯ov;21;0;0;0;0;0;0;0;0;0;0;0;0;0;0;0;0;0;0;0;0;0;0
Harabiö;Radim;SK ValaöskÈho kr·lovstvÌ;0;0;0;0;0;0;0;0;0;0;0;0;0;0;0;0;0;0;0;0;0;0;0
Jir·sek;Josef;SK MAXBIKE Ostrava;0;0;0;0;0;0;0;0;0;0;0;0;0;0;0;0;0;0;0;0;0;0;0
KoÚa¯Ìk;Milan;2K-BIKE CLUB Odry;0;0;0;0;0;0;0;0;0;0;0;0;0;0;0;0;0;0;0;0;0;0;0
Kub·nek;Martin;Lowell Pro äafrata Team BohumÌn;0;0;0;0;0;0;0;0;0;0;0;0;0;0;0;0;0;0;0;0;0;0;0
Svoboda;Jan;YOGI Racing Ostrava 1;0;0;0;0;0;0;0;0;0;0;0;0;0;0;0;0;0;0;0;0;0;0;0
UvÌra;V·clav;CK OrlÌk Orlov·;0;0;0;0;0;0;0;0;0;0;0;0;0;0;0;0;0;0;0;0;0;0;0
;;;;;;;;;;;;;;;;;;;;;;;;;
Kategorie C;13;;;;;;;;;;;;;;;;;;;;;;;;
p¯ÌjmenÌ;jmÈno;klub;Trispol;Olöovec;MJF;UstroÚ;Boh»as;Krnov;Anna;ArcMit;VCL;Bahenec;C.C.;TdJ;MAD;StVes;SPAC;MRSAC;MRSAC;GPF;Stonava;ML60;MJV;Paskov;BÏl·
Kl·öterka;Tom·ö;CK Continental Frenöt·t p.R.  1;60;60;0;50;42;60;0;50;60;60;60;0;60;60;75;58;58;60;65;60;39;60;0
Odv·rka;Ivo;FORCE KCK CYKLOTEAM ZLÕN;48;38;0;60;48;46;39;60;55;55;55;60;55;0;70;52;49;46;60;50;60;48;50
Ad·mek;Luk·ö;CK Feso Pet¯vald;44;0;0;48;0;50;0;44;40;50;50;55;50;0;65;0;50;54;0;55;0;0;0
Pytel;JaromÌr;CYCLING BRNO BAGBIKE;0;55;0;0;40;48;50;42;50;0;0;46;0;0;0;41;44;65;48;42;38;55;60
Galuöka;Tom·ö;CK Continental Frenöt·t p.R.  1;0;48;0;46;46;0;48;40;48;42;40;44;44;55;61;0;24;58;54;44;29;44;48
Blahut;Radek;SK MAXBIKE Ostrava;31;50;0;0;37;42;31;39;46;39;44;39;38;48;53;0;0;56;52;40;40;42;55
Kokeö;Pavel;SK ValaöskÈho kr·lovstvÌ;0;46;0;0;50;55;0;55;0;0;0;0;0;0;63;54;60;52;56;0;46;50;0
Swaczyna;Patrik;CK Feso Pet¯vald;35;35;0;36;0;39;0;0;39;48;0;48;48;50;59;0;47;45;0;39;31;39;42
Boszczyk;Norbert;"SkvÏl· kola-TJ Té T¯inec ""A""";0;0;0;0;0;0;25;32;31;44;46;42;36;46;55;28;32;47;42;35;42;40;0
»erven˝;Luk·ö;Cykloservis MB;0;40;0;0;36;0;0;38;32;40;42;40;37;0;52;39;23;37;44;34;27;0;39
Fierla;Jan;CK Feso Pet¯vald;27;32;0;0;29;31;0;0;28;0;38;36;31;42;47;25;11;36;38;32;35;0;35
Machotka;Karel;YOGI Racing Ostrava 1;42;0;0;0;60;0;0;48;44;46;0;0;0;0;0;65;0;0;70;0;36;0;46
Schnerch;Martin;"SkvÏl· kola-TJ Té T¯inec ""A""";26;39;0;22;35;33;14;24;21;0;0;0;0;40;49;0;20;39;43;0;24;37;37
Kaiser;ZdenÏk;A Bike Club Ostrava;0;34;0;0;28;0;6;22;33;34;0;34;33;0;48;0;18;0;0;29;26;36;34
Wilhelm;Jaroslav;"CK KolÌk Hobby BohumÌn ""A""";28;33;0;0;32;29;0;27;0;37;37;37;0;0;44;27;0;0;0;0;0;0;0
Nov·k;Milan;XXX Bike Club;0;0;0;0;0;0;0;31;37;0;0;0;34;44;54;0;0;44;45;0;30;0;0
Jaroö;Martin;Racing Oleön· ÑBì;0;0;0;0;38;0;0;28;0;0;36;35;0;0;51;31;19;0;41;0;0;0;0
äimeËek;Radim;Profily Midar P¯Ìbor;0;31;0;0;31;0;0;26;24;35;0;0;0;0;0;29;28;0;39;28;0;0;0
ONDERKA;Milan;Yogi Racing Ostrava I.;21;0;0;0;0;0;0;35;0;0;0;38;0;0;0;0;0;40;46;38;0;0;40
Buchal;Ivo;"Racing Oleön· ""A""";0;0;0;0;44;0;0;33;0;0;0;0;0;0;31;35;0;0;40;0;28;0;32
VodiËka;V·clav;CYCLING BRNO BAGBIKE;0;0;0;0;55;0;0;46;0;0;0;0;0;0;0;48;22;0;58;0;0;0;0
äVEHLA;Miloslav;Bike Sport Opava;55;0;0;0;0;0;0;0;0;0;0;0;0;0;57;0;42;70;0;0;0;0;0
Kol·Ëek;Petr;CK Feso Pet¯vald;0;0;0;0;0;0;0;0;36;0;0;0;39;0;50;0;26;0;0;33;37;0;0
Mlyn·¯;Vlastimil;ACS DRAK Vrbno;0;0;0;0;0;0;0;0;0;0;0;0;35;0;0;0;0;49;0;31;44;46;0
Majtner;Petr;"SkvÏl· kola-TJ Té T¯inec ""A""";0;0;0;0;34;0;0;34;0;0;0;0;0;0;37;38;12;0;47;0;0;0;0
Lysek;VladimÌr;CK Continental Frenöt·t p.R.  2;0;0;0;0;39;0;0;36;0;0;0;0;27;0;0;0;0;35;50;0;0;0;0
Matula;Krzysztof;Niezrzeszony;0;0;0;0;0;35;0;0;0;0;0;0;0;0;0;0;0;48;0;37;0;0;44
PODOLSKI;Krysztof;MTB TEAM RMF FM;36;0;0;40;0;37;0;0;0;0;0;0;0;0;0;0;0;50;0;0;0;0;0
Kar·sek;Ji¯Ì;Racing Oleön· B;0;0;0;0;0;0;0;0;26;0;0;0;30;0;46;0;27;0;0;0;0;0;33
Dohnal;Blahoslav;Cyklistika pro vöechny Krnov;0;0;0;0;0;0;0;25;0;36;35;0;0;0;0;22;0;0;0;0;0;0;30
Gierc;David;;0;0;0;0;27;0;0;23;22;0;0;0;0;0;43;23;0;0;0;0;0;0;0
MAJKUT;Petr;PM Bike éidlochovice;40;0;0;0;0;0;0;0;0;0;0;0;0;0;0;0;0;0;0;46;50;0;0
SZAFRANIEC;Piotr;MTB-Silesia RybnÌk;0;37;0;0;0;0;0;0;0;0;0;0;42;0;0;0;0;0;0;0;55;0;0
Kolorz;Mariusz;"CK KolÌk Hobby BohumÌn ""A""";22;0;0;0;33;0;0;30;38;0;0;0;0;0;0;0;0;0;0;0;0;0;0
Ostrovski;Darek;Alva 1- twomark;0;0;0;0;0;36;0;0;0;0;0;0;0;0;0;0;0;42;0;0;0;0;38
Woznica;Jaroslav;"CK KOLÕK HOBBY BohumÌn ""A""";0;0;0;0;0;34;0;0;0;0;39;0;0;0;0;0;0;38;0;0;0;0;0
Franta;Roman;"Racing Oleön· ""A""";0;0;0;0;0;0;0;0;29;0;0;0;0;0;45;0;0;0;0;0;32;0;0
Janczura;Piotr Henryk;;0;0;0;0;0;0;0;0;0;0;33;0;0;39;0;0;0;0;0;0;34;0;0
Anderko;Karol;Jafisport bike team;0;0;0;0;0;0;0;37;0;0;0;0;29;0;0;0;0;0;0;0;33;0;0
Sedl·¯;Milan;FORCE KCK CYKLOTEAM ZLÕN;0;0;0;0;0;0;0;0;23;0;34;0;0;0;0;0;15;0;0;0;25;0;0
RADZKI;Tomasz;Dobre Sklepy Rowerove;32;0;0;28;0;32;0;0;0;0;0;0;0;0;0;0;0;0;0;0;0;0;0
Solnica;Miroslaw;SUPREME STYLE MATES;0;0;0;0;0;0;0;0;42;0;0;0;46;0;0;0;0;0;0;0;0;0;0
Kubala;Janusz;Cykloservis MB;0;0;0;0;0;0;0;0;0;0;0;0;0;0;0;0;0;0;49;36;0;0;0
St¯Ìbrn˝;Libor;Hup na kolo;0;0;0;0;0;40;0;0;0;0;0;0;40;0;0;0;0;0;0;0;0;0;0
Pech·Ëek;Adam;ELEVEN MERCEDES-BENZ MITAS;0;0;0;0;0;0;0;0;30;0;0;0;0;0;0;0;0;0;0;0;48;0;0
»ernota;Kamil;Hup na kolo;0;0;0;0;0;44;0;0;0;0;0;0;32;0;0;0;0;0;0;0;0;0;0
CHALOUPKA;Petr;CykloRacing Olomouc;33;0;0;0;0;38;0;0;0;0;0;0;0;0;0;0;0;0;0;0;0;0;0
SEDL¡»EK;Daniel;In Life Cycling Team;30;0;0;0;0;0;0;0;0;0;0;0;0;0;0;0;0;41;0;0;0;0;0
WYSZYNSKI;Dariusz;DarBud Team;0;0;0;0;0;0;0;0;0;0;0;0;0;0;0;0;0;0;0;30;0;0;36
Guziur;Dalibor;Racing Oleön·;0;0;0;0;0;0;0;29;0;0;31;0;0;0;0;0;0;0;0;0;0;0;0
ävan;Miroslav;;0;0;0;0;0;0;0;0;0;0;0;0;0;0;0;0;0;33;0;0;21;0;0
Mrozek;Marian;TJ TZ TRINEC;0;0;0;0;0;0;0;0;0;0;0;50;0;0;0;0;0;0;0;0;0;0;0
ZAJÕC;Libor;SportComplex B¯eclav;50;0;0;0;0;0;0;0;0;0;0;0;0;0;0;0;0;0;0;0;0;0;0
Oralek;Duöan;Mirva Svitavy;0;0;0;0;0;0;0;0;0;0;0;0;0;0;0;0;0;0;0;48;0;0;0
äÌma;Martin;Max Cursor;0;0;0;0;0;0;0;0;0;0;48;0;0;0;0;0;0;0;0;0;0;0;0
PROKEä ;Stanislav;Prokeö Team;46;0;0;0;0;0;0;0;0;0;0;0;0;0;0;0;0;0;0;0;0;0;0
ROTTER;Michal;SKP DUHA FORT Lanökroun;0;44;0;0;0;0;0;0;0;0;0;0;0;0;0;0;0;0;0;0;0;0;0
Kula;Tom·ö;;0;0;0;0;0;0;0;0;0;0;0;0;0;0;0;0;0;43;0;0;0;0;0
SMRKTA;Ladislav;Siln˝ Team UniËov;0;42;0;0;0;0;0;0;0;0;0;0;0;0;0;0;0;0;0;0;0;0;0
Jan˘;Martin;Siln˝ team UniËov;39;0;0;0;0;0;0;0;0;0;0;0;0;0;0;0;0;0;0;0;0;0;0
Kantor;Tom·ö;TJ Té T¯inec;0;0;0;0;0;0;0;0;0;38;0;0;0;0;0;0;0;0;0;0;0;0;0
KOUÿIL;Martin;Fitko JesenÌk;38;0;0;0;0;0;0;0;0;0;0;0;0;0;0;0;0;0;0;0;0;0;0
MÕ»EK;Roman;ACS DRAK Vrbno;0;0;0;0;0;0;0;0;0;0;0;0;0;0;0;0;0;0;0;0;0;38;0
CHUD…J;Marek;CykloRacing Olomouc;37;0;0;0;0;0;0;0;0;0;0;0;0;0;0;0;0;0;0;0;0;0;0
äimurda;Roman;Team inTrener 2012;0;0;0;0;0;0;0;0;0;0;0;0;0;0;0;0;0;0;37;0;0;0;0
RADA;Pavel;CK PEMAP;0;36;0;0;0;0;0;0;0;0;0;0;0;0;0;0;0;0;0;0;0;0;0
Sieja;Ji¯Ì;YOGI Racing Ostrava 2;0;0;0;0;0;0;0;0;0;0;0;0;0;0;0;0;0;0;36;0;0;0;0
Carbol;Petr;TJ BanÌk Karvin·;0;0;0;0;0;0;0;0;0;0;0;0;0;0;0;0;0;0;35;0;0;0;0
FI¡LEK;Otakar;ACS DRAK Vrbno;0;0;0;0;0;0;0;0;0;0;0;0;0;0;0;0;0;0;0;0;0;35;0
Kova¯Ìk;Roman;"CK KolÌk Hobby BohumÌn ""B""";0;0;0;0;0;0;0;0;35;0;0;0;0;0;0;0;0;0;0;0;0;0;0
Holiö;Martin;»esk· spo¯itelna;0;0;0;0;0;0;0;0;34;0;0;0;0;0;0;0;0;0;0;0;0;0;0
KRESTA;LubomÌr;ACS DRAK Vrbno;0;0;0;0;0;0;0;0;0;0;0;0;0;0;0;0;0;0;0;0;0;34;0
Lippa;Jerzy;;0;0;0;0;0;0;0;0;0;0;0;0;0;0;0;0;0;34;0;0;0;0;0
SUCHARDA;Pavel;Cycling Brno;34;0;0;0;0;0;0;0;0;0;0;0;0;0;0;0;0;0;0;0;0;0;0
VavreËka;LumÌr;RC Sviadnov;0;0;0;0;0;0;0;0;0;0;32;0;0;0;0;0;0;0;0;0;0;0;0
BOGACKI ;Rafal;Bike Atelier Team;0;0;0;0;0;0;0;0;0;0;0;0;0;0;0;0;0;0;0;0;0;0;31
Binar;Petr;éDB;0;0;0;0;30;0;0;0;0;0;0;0;0;0;0;0;0;0;0;0;0;0;0
Ju¯Ìk;Kamil;FITKO JESENÕK;0;0;0;0;0;30;0;0;0;0;0;0;0;0;0;0;0;0;0;0;0;0;0
Orzadala;Patrik;HavÌ¯ov;0;0;0;0;0;0;0;0;0;0;0;0;0;0;30;0;0;0;0;0;0;0;0
Skovajsa;Michal;;0;0;0;0;0;0;0;0;0;0;30;0;0;0;0;0;0;0;0;0;0;0;0
JÕLEK;Martin;Cyklo Pol·ch äumperk;29;0;0;0;0;0;0;0;0;0;0;0;0;0;0;0;0;0;0;0;0;0;0
MaliÚ·k;Tom·ö;;0;0;0;0;0;0;0;0;0;0;29;0;0;0;0;0;0;0;0;0;0;0;0
Charv·t;Pavel;;0;0;0;0;0;0;0;0;0;0;0;0;28;0;0;0;0;0;0;0;0;0;0
Uher;Libor;ADI Outdoor;0;0;0;0;0;0;0;0;27;0;0;0;0;0;0;0;0;0;0;0;0;0;0
Gorlich;Petr;SK Bag Bike;0;0;0;0;0;0;0;0;25;0;0;0;0;0;0;0;0;0;0;0;0;0;0
KO»VARA;Ji¯Ì;SK AIB B¯idliËn·;25;0;0;0;0;0;0;0;0;0;0;0;0;0;0;0;0;0;0;0;0;0;0
PELCL;Petr;Buldoci RapotÌn;24;0;0;0;0;0;0;0;0;0;0;0;0;0;0;0;0;0;0;0;0;0;0
JanËÌk;Martin;SK Ji¯Ì Team;0;0;0;0;0;0;0;0;0;0;0;0;0;0;0;0;0;0;0;0;23;0;0
UCHYTIL;Alois;CykloKoalice ZlatÈ Hory a PÌseËn·;23;0;0;0;0;0;0;0;0;0;0;0;0;0;0;0;0;0;0;0;0;0;0
Gawlik;Mariusz;TK Mocni Gaszowice;0;0;0;0;0;0;0;0;0;0;0;0;0;0;0;0;0;0;0;0;22;0;0
Jakeö;Ji¯Ì;;0;0;0;0;0;0;0;21;0;0;0;0;0;0;0;0;0;0;0;0;0;0;0
»ern˝;VladimÌr;;0;0;0;0;0;0;0;20;0;0;0;0;0;0;0;0;0;0;0;0;0;0;0
KAäPAR;Petr;CykloKoalice ZlatÈ Hory a PÌseËn·;20;0;0;0;0;0;0;0;0;0;0;0;0;0;0;0;0;0;0;0;0;0;0
MI»UNEK;Jakub;Buldoci RapotÌn;19;0;0;0;0;0;0;0;0;0;0;0;0;0;0;0;0;0;0;0;0;0;0
»erm·k;Jan;CYCLING BRNO BAGBIKE;0;0;0;0;0;0;0;0;0;0;0;0;0;0;0;0;0;0;0;0;0;0;0
Giraczka;Martin;Lowell Pro äafrata Team BohumÌn;0;0;0;0;0;0;0;0;0;0;0;0;0;0;0;0;0;0;0;0;0;0;0
Holub;Tom·ö;Cyklokramo Suchdol nad Odrou;0;0;0;0;0;0;0;0;0;0;0;0;0;0;0;0;0;0;0;0;0;0;0
Ch˝lek;Patrik;CK Continental Frenöt·t p.R.  2;0;0;0;0;0;0;0;0;0;0;0;0;0;0;0;0;0;0;0;0;0;0;0
KrejËi¯Ìk;Petr;2K-BIKE CLUB Odry;0;0;0;0;0;0;0;0;0;0;0;0;0;0;0;0;0;0;0;0;0;0;0
Piechaczek;Krzysztof;Lowell Pro äafrata Team BohumÌn;0;0;0;0;0;0;0;0;0;0;0;0;0;0;0;0;0;0;0;0;0;0;0
;;;;;;;;;;;;;;;;;;;;;;;;;
Kategorie D;13;;;;;;;;;;;;;;;;;;;;;;;;
p¯ÌjmenÌ;jmÈno;klub;Trispol;Olöovec;MJF;UstroÚ;Boh»as;Krnov;Anna;ArcMit;VCL;Bahenec;C.C.;TdJ;MAD;StVes;SPAC;MRSAC;MRSAC;GPF;Stonava;ML60;MJV;Paskov;BÏl·
Pelc;Ladislav;CK Continental Frenöt·t p.R.  1;50;60;0;0;60;60;44;55;55;38;48;0;60;48;55;0;0;70;70;60;50;60;0
M¸ck;Arnoöt;2K-BIKE CLUB Odry;46;46;0;0;0;46;0;42;50;48;60;55;50;60;70;48;48;44;50;55;35;55;50
Sk¯eËek;Robert;CYCLING BRNO BAGBIKE;60;55;0;50;39;44;48;0;0;0;50;48;46;40;65;0;49;56;60;46;39;40;48
Beneö;Petr;YOGI Racing Ostrava 1;40;0;0;0;48;38;0;50;37;46;39;0;48;55;59;56;29;65;56;0;55;0;0
AdamËÌk;Miroslav;Cyklokramo Suchdol nad Odrou;0;39;0;0;0;0;0;0;42;44;44;0;40;46;63;0;52;60;52;48;60;46;0
DaÚhel;MojmÌr;Cyklistika pro vöechny Krnov;35;40;0;40;40;48;0;46;46;40;37;46;39;39;53;44;40;54;54;50;44;44;55
!!! MÕ»EK; Old¯ich;TJ Sigma Hranice;37;37;0;0;0;42;0;0;48;55;55;50;55;0;75;0;56;58;0;42;0;0;0
Satinsk˝;Alexandr;YOGI Racing Ostrava 1;44;34;0;0;37;40;0;39;0;42;46;44;42;42;61;38;45;46;47;44;37;0;60
ZvonÌËek;RadomÌr;FORCE KCK CYKLOTEAM ZLÕN;42;48;0;0;0;0;0;0;24;0;0;0;36;37;0;0;43;50;48;37;46;50;39
Chmura;Petr;Team Forman Cinelli;0;29;0;0;0;33;30;33;32;36;34;40;33;36;48;27;35;41;42;36;32;0;0
Motyka;Tom·ö;A Bike Club Ostrava;0;38;0;23;35;35;26;0;33;33;0;42;23;0;50;31;27;0;32;38;36;0;0
Kont˙r;Milan;SK ValaöskÈho kr·lovstvÌ;24;31;0;0;34;31;0;35;38;30;29;36;28;35;45;0;0;37;40;0;0;0;0
KoneËn˝;Pavel;"CK KolÌk Hobby BohumÌn ""A""";34;36;0;0;33;36;42;0;44;39;35;0;0;0;54;0;0;45;0;0;34;0;0
Jakl;Ji¯Ì;Triatlon klub Ostrava;21;32;0;30;31;30;11;32;30;0;27;0;27;0;46;25;24;38;37;32;0;0;36
Slez·k;Josef;FORCE KCK CYKLOTEAM ZLÕN;0;0;0;0;50;55;50;60;0;0;42;0;44;0;0;47;0;0;65;0;0;0;0
Schneider;Rudolf;CK Continental Frenöt·t p.R.  2;0;33;0;0;32;0;0;37;26;34;30;0;0;0;47;28;0;39;39;0;28;0;33
HrazdÌlek;Alois;Renokov team;0;27;0;0;28;0;0;28;22;27;24;34;0;34;0;0;0;35;29;30;27;38;0
Vyoral;LubomÌr;"CK KolÌk Hobby BohumÌn ""B""";20;0;0;0;0;29;0;26;23;0;21;0;0;31;42;0;0;34;34;0;30;36;0
änajder;Roman;Racing Oleön· ÑAì;0;0;0;0;0;0;0;44;60;0;0;0;35;0;51;46;33;0;49;0;0;0;0
Baier;Jan;Lowell Pro äafrata Team BohumÌn;0;50;0;0;0;0;0;0;28;0;0;0;30;0;0;0;0;48;0;31;40;39;44
HlavatÌk;Ladislav;"Racing Oleön· ""A""";0;0;0;0;36;0;0;34;0;29;25;0;29;0;43;33;0;0;43;0;0;0;0
Kaszuba;Miroslav;"CK KolÌk Hobby BohumÌn ""B""";0;0;0;0;42;39;0;48;0;50;40;0;0;0;0;45;0;0;0;0;0;0;0
Baran;Petr;CYCLING BRNO BAGBIKE;48;44;0;44;44;0;0;0;0;0;0;0;0;0;0;37;0;0;0;0;0;0;46
MiËko;Jan;CK Feso Pet¯vald;0;0;0;0;0;0;0;0;0;0;0;0;37;44;57;34;38;52;0;0;0;0;0
SEKERKA; Karel;CYCLO RACING;38;42;0;0;55;0;0;0;0;0;0;0;0;0;0;0;0;0;58;0;0;0;42
PavlÌk;Petr;"Racing Oleön· ""B""";0;0;0;0;30;0;0;29;20;0;22;0;0;0;36;22;0;0;35;0;0;0;34
KOWALCZYK;Mariusz;Gliwice;31;0;0;0;0;34;0;0;0;0;0;0;0;0;0;0;0;32;0;0;48;42;40
Andrzejewski;Andrzej;;0;0;0;0;0;0;0;31;21;0;0;0;0;0;28;0;0;36;38;0;33;0;37
Praski;Henryk;"CK KolÌk Hobby BohumÌn ""B""";0;0;0;0;38;0;0;40;0;35;33;37;0;0;0;0;0;0;41;0;0;0;0
Niemczyk;Jan;;0;0;0;0;27;0;0;24;0;0;0;35;22;0;29;0;0;0;36;0;0;35;0
Holeö;Ji¯Ì;"CK KolÌk Hobby BohumÌn ""A""";27;0;0;0;0;0;23;0;31;0;28;0;20;0;0;0;0;40;33;0;0;0;0
Mrozek;Ji¯Ì;"CK KolÌk Hobby BohumÌn ""B""";0;0;0;0;25;0;0;0;27;0;0;0;26;0;0;0;0;0;31;0;29;0;35
SEDL¡»EK; Ji¯Ì;SK Ji¯Ì team Ostrava;0;35;0;0;0;0;0;0;0;0;0;0;0;38;0;0;0;0;0;0;42;48;0
Krupa ;LubomÌr;LUBICI;0;0;0;0;0;0;0;36;0;37;0;38;0;0;49;0;0;0;0;0;0;0;0
PETRUä;LubomÌr;ACS Drak Vrbno;33;0;0;0;0;0;0;0;0;0;0;0;38;0;0;0;0;47;0;39;0;0;0
Krawczyk;Andrzej;;26;0;0;0;0;0;0;0;25;0;0;0;31;0;0;0;0;0;0;34;0;0;38
ävantner;Bohuslav;Racing Oleön· ÑBì;0;0;0;0;0;0;0;38;0;0;0;0;0;0;30;32;0;0;46;0;0;0;0
WAWRZYNKIEWICZ;Edward;DSR Z·brez;25;0;0;0;0;50;0;0;34;0;0;0;34;0;0;0;0;0;0;0;0;0;0
Kasprzyk;Andrej;Zabrze;0;0;0;0;0;0;0;0;0;0;0;0;32;0;0;0;0;49;0;40;0;0;0
sikora;miroslav;TJ TZ TRINEC;0;0;0;0;0;0;0;0;0;60;0;60;0;0;0;0;0;0;0;0;0;0;0
WÌdenka;Aleö;KolÌk Kobby B;0;0;0;0;46;0;0;0;0;0;0;0;0;0;0;26;0;0;45;0;0;0;0
JANKOWSKI;ALEKSANDER;DAR-BUD TEAM;0;0;0;0;26;0;0;30;0;0;23;0;0;0;0;0;0;0;0;0;31;0;0
Luköa;Vlastimil;;0;0;0;0;0;0;0;0;19;0;0;0;19;0;0;0;0;33;0;0;0;0;32
RumiÒski;Stanislaw;;32;0;0;0;0;0;0;0;35;0;0;0;25;0;0;0;0;0;0;0;0;0;0
K¯iû·k;Petr;Symbio+Cannnondale;0;0;0;0;0;0;0;0;0;0;0;0;0;0;27;0;60;0;0;0;0;0;0
äitavanc;Ji¯Ì;cyklomat.cz;0;0;0;0;0;0;0;0;39;0;0;0;0;0;0;0;0;43;0;0;0;0;0
Kapala;Zygmund;;0;0;0;0;0;0;0;0;18;0;0;0;21;32;0;0;0;0;0;0;0;0;0
LETAVAY;äTEFAN;CK TURZOVKA;0;0;0;0;0;0;0;0;0;32;0;39;0;0;0;0;0;0;0;0;0;0;0
Kop¯iva;Miroslav;CK Continental Frenöt·t p.R.  2;22;0;0;0;0;0;0;0;0;0;0;0;0;0;0;0;0;0;44;0;0;0;0
Schichel;Tom·ö;YOGI Racing Ostrava 2;0;0;0;0;24;0;0;25;0;0;0;0;0;0;0;17;0;0;0;0;0;0;0
»ejka;Petr;Cyklo team KOLARNA;30;0;0;0;0;0;0;0;0;0;0;0;0;0;0;0;0;0;0;35;0;0;0
KRZYéANOVSKI;Zbigniew;CCC Stochova;0;0;0;0;0;0;0;0;40;0;0;0;24;0;0;0;0;0;0;0;0;0;0
Strnadel;LudÏk;»eladn·;0;0;0;0;0;0;0;0;29;0;31;0;0;0;0;0;0;0;0;0;0;0;0
Z·ruba;Pavel;ämelci H·jov;0;0;0;0;0;0;0;0;0;0;26;0;0;0;0;0;0;0;0;33;0;0;0
KrchÚ·k;Pavel;ACK Star· Ves nad Ond¯ejnicÌ;0;0;0;24;0;0;0;0;0;0;0;0;0;33;0;0;0;0;0;0;0;0;0
äkarka;Ji¯Ì;"CK KolÌk Hobby BohumÌn ""B""";0;0;0;0;29;0;0;27;0;0;0;0;0;0;0;0;0;0;0;0;0;0;0
TROCHTA;Libor;CykloRacing Olomouc;55;0;0;0;0;0;0;0;0;0;0;0;0;0;0;0;0;0;0;0;0;0;0
Myn·¯;Jura;MTB Ond¯ejnÌk;0;0;0;0;0;0;0;0;0;0;0;0;0;0;52;0;0;0;0;0;0;0;0
äimoÚ·k;Marek;ACK Star· Ves nad Ond¯ejnicÌ;0;0;0;0;0;0;0;0;0;0;0;0;0;50;0;0;0;0;0;0;0;0;0
OböivaË;V·clav;MTB Ond¯ejnÌk;0;0;0;0;0;0;0;0;0;0;0;0;0;0;44;0;0;0;0;0;0;0;0
äpaËek;Petr;;0;0;0;0;0;0;0;0;0;0;0;0;0;0;0;0;0;42;0;0;0;0;0
LUKEä;Stanislav;CykloRacing Olomouc;39;0;0;0;0;0;0;0;0;0;0;0;0;0;0;0;0;0;0;0;0;0;0
Lach;Alan;"Racing Oleön· ""A""";0;0;0;0;0;0;0;0;0;0;38;0;0;0;0;0;0;0;0;0;0;0;0
Rupa;Miroslav;SK Ji¯Ì team Ostrava;0;0;0;0;0;0;0;0;0;0;0;0;0;0;0;0;0;0;0;0;38;0;0
Frkal;Miroslav;Novatop Lapierre;0;0;0;0;0;37;0;0;0;0;0;0;0;0;0;0;0;0;0;0;0;0;0
JIÿÕK;ZdenÏk;bikesportmohelnjce;0;0;0;0;0;0;0;0;0;0;0;0;0;0;0;0;0;0;0;0;0;37;0
Javora;Stanislav;Valach Bike Team;0;0;0;0;0;0;0;0;0;0;36;0;0;0;0;0;0;0;0;0;0;0;0
äVEC;Milan;Siln˝ Team UniËov;36;0;0;0;0;0;0;0;0;0;0;0;0;0;0;0;0;0;0;0;0;0;0
Wenzel;Roman;MAX CURSOS OSTRAVA;0;0;0;0;0;0;0;0;36;0;0;0;0;0;0;0;0;0;0;0;0;0;0
Rzyzanowski;Zbigniew;Unipol;0;0;0;0;0;0;0;0;0;0;32;0;0;0;0;0;0;0;0;0;0;0;0
Zmuda;Jan;LOKO Krnov;0;0;0;0;0;32;0;0;0;0;0;0;0;0;0;0;0;0;0;0;0;0;0
»UBO“;PETER;CK TURZOVKA;0;0;0;0;0;0;0;0;0;31;0;0;0;0;0;0;0;0;0;0;0;0;0
PEZDA ;Miroslav;Team Siln˝ UniËov;0;0;0;0;0;0;0;0;0;0;0;0;0;0;0;0;0;0;0;0;0;0;31
Grussmann;V·clav;CK Continental Frenöt·t p.R.  1;0;30;0;0;0;0;0;0;0;0;0;0;0;0;0;0;0;0;0;0;0;0;0
Si¯inek;Aleö;SK Bagbike Rubing Ostrava;0;0;0;0;0;0;0;0;0;0;0;0;0;0;0;0;0;0;30;0;0;0;0
Liber;Vlasta;éivotskÈ Hory;0;0;0;0;0;0;0;0;0;0;0;0;0;0;0;0;0;0;0;29;0;0;0
VYCHODIL;Luk·ö;In Life Cycling Team;29;0;0;0;0;0;0;0;0;0;0;0;0;0;0;0;0;0;0;0;0;0;0
HUDE»EK;Duöan;JeseniËtÌ Orli;28;0;0;0;0;0;0;0;0;0;0;0;0;0;0;0;0;0;0;0;0;0;0
KOLEN»IK;MIROSLAV;CK TURZOVKA;0;0;0;0;0;0;0;0;0;28;0;0;0;0;0;0;0;0;0;0;0;0;0
äKR¡»EK; Karel;VYSOT SPORT KunÌn;0;28;0;0;0;0;0;0;0;0;0;0;0;0;0;0;0;0;0;0;0;0;0
WIEDERMANN;ZdenÏk;Siln˝ Team UniËov;23;0;0;0;0;0;0;0;0;0;0;0;0;0;0;0;0;0;0;0;0;0;0
HAM¡»EK;Jaroslav;Buldoci RapotÌn;19;0;0;0;0;0;0;0;0;0;0;0;0;0;0;0;0;0;0;0;0;0;0
BaËÌk;Pavel;2K-BIKE CLUB Odry;0;0;0;0;0;0;0;0;0;0;0;0;0;0;0;0;0;0;0;0;0;0;0
Lawicki;Dariusz;CZERNICA MASTERS;0;0;0;0;0;0;0;0;0;0;0;0;0;0;0;0;0;0;0;0;0;0;0
Sikora;Petr;Lowell Pro äafrata Team BohumÌn;0;0;0;0;0;0;0;0;0;0;0;0;0;0;0;0;0;0;0;0;0;0;0
;;;;;;;;;;;;;;;;;;;;;;;;;
Kategorie E;13;;;;;;;;;;;;;;;;;;;;;;;;
p¯ÌjmenÌ;jmÈno;klub;Trispol;Olöovec;MJF;UstroÚ;Boh»as;Krnov;Anna;ArcMit;VCL;Bahenec;C.C.;TdJ;MAD;StVes;SPAC;MRSAC;MRSAC;GPF;Stonava;ML60;MJV;Paskov;BÏl·
DanÏËek;Pavel;Cyklistika pro vöechny Krnov;55;55;0;60;48;50;60;0;50;55;55;55;55;55;65;0;43;65;54;60;46;46;55
Zem·nek;LubomÌr;2K-BIKE CLUB Odry;60;60;0;0;0;55;0;0;60;50;48;50;60;0;61;0;54;56;60;50;48;60;60
Teönar;Tom·ö;YOGI Racing Ostrava 1;46;50;0;50;46;42;55;46;46;48;44;48;39;46;63;46;49;52;52;46;39;0;0
Zdanowicz;Marek;;0;0;0;48;50;46;48;48;0;0;0;0;0;0;57;56;42;58;65;42;42;44;46
Mottl;BohumÌr;"CK KolÌk Hobby BohumÌn ""A""";0;0;0;0;44;44;0;42;42;46;42;0;44;48;59;47;48;48;49;44;37;42;48
! F - Vesel˝;Petr;"SkvÏl· kola-TJ Té T¯inec  ""B""";0;0;0;40;37;0;0;40;39;44;39;46;38;44;54;42;47;49;44;0;0;39;0
Dubn˝;Pavel;Cyklokramo Suchdol nad Odrou;44;48;0;0;38;0;0;36;34;42;37;42;35;0;50;0;0;45;41;37;0;0;40
Bluszcz;Stefan;Lowell Pro äafrata Team BohumÌn;0;0;0;39;39;40;0;0;37;0;0;0;37;40;53;38;0;47;45;39;38;36;0
PÏg¯imek;Milan;CK OrlÌk Orlov·;0;0;0;0;33;0;0;37;32;40;36;44;36;42;48;37;35;42;40;0;0;0;0
PekarËÌk;Ji¯Ì;Cyklokramo Suchdol nad Odrou;0;46;0;0;40;39;0;31;33;0;35;0;33;39;49;0;0;41;0;0;36;40;39
PavlÌk;Ji¯Ì;CK Continental Frenöt·t p.R.  2;50;0;0;0;60;48;0;50;44;0;0;0;46;0;55;44;0;54;48;0;0;0;0
Savka;Miroslav;CK OrlÌk Orlov·;0;0;0;0;34;0;0;33;31;38;33;39;32;38;51;35;34;44;42;0;34;37;0
Toman;Vladislav;Cyklokramo Suchdol nad Odrou;0;0;0;0;0;0;0;0;55;0;50;0;50;60;0;0;50;60;0;55;55;55;0
Mrn˘ötÌk;Josef;Cyklotech-Pro a Mrn˘ötÌk;0;44;0;0;35;38;0;34;30;0;34;0;31;36;0;33;0;43;38;0;0;34;37
Ertel;Ji¯Ì;Novatop Lapierre;0;0;0;0;42;0;0;38;38;0;0;0;0;0;52;40;38;46;50;38;0;35;44
! F - Homola;Petr;YOGI Racing Ostrava 2;0;0;0;0;32;37;32;32;29;37;0;0;0;37;36;36;0;0;39;0;33;33;0
BuËek;Michal;Racing Oleön· ÑAì;0;0;0;0;0;0;0;60;0;60;60;60;0;0;75;0;60;0;0;0;0;0;0
Masn˝;Milan;"Racing Oleön· ""A""";0;0;0;0;0;0;0;0;0;0;46;0;48;0;70;65;58;0;70;0;0;0;0
B·rta;Miroslav;SK Bagbike Rubing;0;0;0;0;0;0;0;44;48;0;0;0;0;0;0;0;0;70;56;48;44;0;0
Misina;Andrzej;ACK Star· Ves nad Ond¯ejnicÌ;0;0;0;0;36;0;0;39;0;0;38;0;0;50;0;0;0;0;0;0;40;48;50
Muöka;Josef;CK Feso Pet¯vald;0;0;0;0;0;0;0;0;40;0;0;0;40;0;35;0;0;50;46;40;0;0;0
Leszczynski;Xaverery;KolÌk Kobby C;0;0;0;0;55;0;0;55;0;0;40;0;0;0;0;0;0;0;58;0;0;0;0
KubÌk;Josef;"CK KolÌk Hobby BohumÌn ""B""";0;0;0;0;0;0;0;0;0;0;0;0;0;0;0;0;0;40;43;0;35;38;42
Pilecki;Stanislav;Cykloservis MB;0;0;0;0;0;0;0;35;0;39;0;40;0;0;0;0;0;0;47;0;0;0;0
Kotas;Pavel;PJR;0;0;0;0;0;0;0;0;36;0;0;0;0;0;42;0;0;0;0;0;0;0;38
Rechtenberg;Karel;Fr˝dlant n. O.;0;0;0;0;0;0;0;30;0;0;0;0;0;0;0;0;0;39;0;36;0;0;0
Mrakvia;ZdenÏk;"SkvÏl· kola-TJ Té T¯inec ""B""";0;0;0;34;30;0;0;0;0;0;0;38;0;0;0;0;0;0;0;0;0;0;0
Baùa;VladimÌr;Skc Tufo ProstÏjov;0;0;0;0;0;0;0;0;0;0;0;0;0;0;0;0;0;0;0;0;50;50;0
! F - Glogar;Jan;YOGI Racing Ostrava 2;0;0;0;0;31;0;0;0;0;0;0;0;0;0;0;0;0;0;37;0;0;32;0
Gieracz;Marek;Unipol;0;0;0;0;0;0;0;0;35;0;0;0;34;0;0;0;0;0;0;0;0;0;0
Kreöoviecz;ZbygnÏv;Polsko;0;0;0;0;0;60;0;0;0;0;0;0;0;0;0;0;0;0;0;0;0;0;0
Sasiadek;Czeslaw;niestowarzyszony;0;0;0;0;0;0;0;0;0;0;0;0;0;0;0;0;0;0;0;0;60;0;0
KOUÿIL;Ji¯Ì;Fitko JesenÌk;48;0;0;0;0;0;0;0;0;0;0;0;0;0;0;0;0;0;0;0;0;0;0
Ftorek;Peter;CYS éilina;0;0;0;0;0;0;0;0;0;0;0;0;42;0;0;0;0;0;0;0;0;0;0
Skotnica;Josef;SKP Opava;0;42;0;0;0;0;0;0;0;0;0;0;0;0;0;0;0;0;0;0;0;0;0
Macura;Jan;CK HavÌ¯ov;0;0;0;0;0;0;0;0;0;0;0;0;0;0;0;0;0;0;36;0;0;0;0
äut·k;Peter;CK TURZOVKA;0;0;0;0;0;0;0;0;0;36;0;0;0;0;0;0;0;0;0;0;0;0;0
äpok;Stanislav;KPL Ostravice Lys· hora;0;0;0;0;0;0;0;0;28;0;0;0;0;0;0;0;0;0;0;0;0;0;0
Bako;Rudolf;"SkvÏl· kola-TJ Té T¯inec ""B""";0;0;0;0;0;0;0;0;0;0;0;0;0;0;0;0;0;0;0;0;0;0;0
Pavelek;Frantiöek;CK Continental Frenöt·t p.R.  2;0;0;0;0;0;0;0;0;0;0;0;0;0;0;0;0;0;0;0;0;0;0;0
;;;;;;;;;;;;;;;;;;;;;;;;;
Kategorie é;13;;;;;;;;;;;;;;;;;;;;;;;;
p¯ÌjmenÌ;jmÈno;klub;Trispol;Olöovec;MJF;UstroÚ;Boh»as;Krnov;Anna;ArcMit;VCL;Bahenec;C.C.;TdJ;MAD;StVes;SPAC;MRSAC;MRSAC;GPF;Stonava;ML60;MJV;Paskov;BÏl·
Bartoöov·;Denisa;"CK KolÌk Hobby BohumÌn ""A""";0;0;0;60;60;44;55;0;55;60;0;0;0;55;65;58;52;52;0;0;0;60;60
! éB - Jaklov·;Ivana;Lowell Pro äafrata Team BohumÌn;48;33;0;44;55;46;38;60;42;0;46;0;50;0;61;60;56;54;65;55;0;0;46
Chmurov·;Jana;Team Forman Cinelli;46;35;0;0;44;50;39;48;46;50;48;48;48;44;57;49;54;58;60;50;55;48;50
! éB - DanÏËkov·;Romana;Cyklistika pro vöechny Krnov;0;0;0;0;50;0;0;0;50;55;42;50;55;48;59;0;0;50;56;0;42;50;48
! éB - Lantov·;Romana;Cyklistika pro vöechny Krnov;0;0;0;0;40;0;31;40;38;44;0;0;42;42;53;45;46;48;54;0;39;35;0
Lantov·;Romana ml.;Cyklistika pro vöechny Krnov;0;39;0;0;48;38;42;0;37;46;0;0;40;40;46;44;0;0;48;0;46;38;0
MUDÿÕKOV¡; Kate¯ina;CK Feso Pet¯vald;55;40;0;0;46;60;0;0;0;0;0;60;0;50;70;0;60;0;0;0;0;46;55
PYTLOV¡; MarkÈta;SK Bag Bike;0;31;0;0;42;36;0;42;40;0;0;46;0;0;0;46;0;46;52;0;50;44;42
Krzyûankov·;Lenka;"SkvÏl· kola-TJ Té T¯inec ""A""";0;37;0;0;0;0;0;0;35;0;0;39;0;39;52;0;0;45;0;40;44;40;44
! éB - Dohnalov·;Jaroslava;Cyklistika pro vöechny Krnov;44;0;0;0;0;48;0;55;0;0;50;55;0;0;0;48;58;0;0;0;0;37;0
LÌbenkov·;Sylva;CK Feso Pet¯vald;0;0;0;0;0;37;0;0;39;42;0;0;46;46;0;0;0;0;0;48;48;0;0
Bajgerov·;Nikola;KC Kooperativa SG Jablonec;0;0;0;0;0;0;0;0;0;0;0;0;0;60;75;0;0;70;0;60;0;0;0
Sikorov·;Michaela;TJ TZ TRINEC;0;0;0;0;0;0;0;0;0;0;0;42;44;0;40;0;0;49;0;0;0;39;0
NAVR¡TILOV¡; Kate¯ina;TJ Sigma Hranice;0;38;0;0;0;42;0;0;0;0;40;0;0;0;0;0;0;0;0;44;0;36;0
Halmov·;Eva;CK OrlÌk Orlov·;0;0;0;0;0;0;0;39;36;40;39;40;0;0;0;0;0;0;0;0;0;0;0
Proch·zkov·;Kamila;Sintesi Prima Donna;0;0;0;0;0;0;0;0;0;0;55;0;0;0;0;0;0;65;0;0;60;0;0
! éB - PargaËov·;Marcela;Cyklokramo Suchdol nad Odrou;0;32;0;0;0;0;0;46;0;0;0;0;0;0;54;0;0;47;0;0;0;0;0
BEDNAÿÕKOV¡; Jana;AMENITY-EXTREM SPORT;0;48;0;0;0;55;0;0;60;0;0;0;0;0;0;0;0;0;0;0;0;0;0
OLIVOV¡;Alexandra;Bike 2000;0;44;0;0;0;0;0;50;0;0;0;0;0;0;0;0;0;56;0;0;0;0;0
Kotalov·;Veronika;TJ UniËov;0;0;0;0;0;0;0;0;0;0;0;0;0;0;63;0;0;60;0;0;0;0;0
TrËkov·;Daniela;TJ Kovo Praha;0;0;0;0;0;0;0;0;0;0;0;0;0;0;55;0;0;0;58;0;0;0;0
JURKOV¡; SoÚa;Bike 2000;50;55;0;0;0;0;0;0;0;0;0;0;0;0;0;0;0;0;0;0;0;0;0
»upov·;Jana;NOVATOP GHOST;0;0;0;0;0;0;0;0;0;0;0;0;0;0;0;50;49;0;0;0;0;0;0
OBRZUD; Sylwia;MTB Silesia rybnik;0;34;0;0;0;0;0;0;0;0;0;0;60;0;0;0;0;0;0;0;0;0;0
Proch·zkov·;Kate¯ina;DolËa cyklo;0;0;0;0;0;0;0;0;0;0;0;0;0;0;0;0;0;0;50;42;0;0;0
MOäTKOV¡; Kate¯ina;TK Uhersk˝ Brod;0;42;0;0;0;0;0;0;48;0;0;0;0;0;0;0;0;0;0;0;0;0;0
»urov·;Kate¯ina;;0;0;0;0;0;0;0;44;0;0;0;0;0;0;0;0;0;0;0;0;0;0;40
VY»ÕTALOV¡;Jana;ACS Drak Vrbno;42;0;0;0;0;40;0;0;0;0;0;0;0;0;0;0;0;0;0;0;0;0;0
HAº¡KOV¡; Nela;ACS DRAK VR Brno;0;36;0;0;0;0;0;0;0;0;0;0;0;0;0;0;0;0;0;0;0;42;0
Klekot;Martyna;Unipol Czestochowa;0;0;0;0;0;0;0;0;0;0;0;0;0;0;0;0;0;0;70;0;0;0;0
GARGELOV¡;Tereza;TJ UniËov;60;0;0;0;0;0;0;0;0;0;0;0;0;0;0;0;0;0;0;0;0;0;0
H¡JKOV¡; MarkÈta;SKP DUHA FORT Lanökroun;0;60;0;0;0;0;0;0;0;0;0;0;0;0;0;0;0;0;0;0;0;0;0
Javorov·;Lucie;Valach Bajk Team;0;0;0;0;0;0;0;0;0;0;60;0;0;0;0;0;0;0;0;0;0;0;0
IäTV¡NOV¡;Michaela;ACK Star· |Ves n/O;0;0;0;0;0;0;0;0;0;0;0;0;0;0;0;0;0;0;0;0;0;55;0
MIGDOL;Katarzyna;Author Pszczyna;0;50;0;0;0;0;0;0;0;0;0;0;0;0;0;0;0;0;0;0;0;0;0
VavreËkov·;Lenka;TJ BanÌk Karvin·;0;0;0;0;0;0;0;0;0;0;0;0;0;0;0;0;0;0;49;0;0;0;0
Ejsmont;Joanna;UNIPOL Czestochowa;0;0;0;0;0;0;0;0;0;48;0;0;0;0;0;0;0;0;0;0;0;0;0
Hlawiczkov·;Alena;SkvÏl· kola-TJ Té T¯inec;0;0;0;0;0;0;0;0;0;0;0;0;0;0;0;0;0;0;47;0;0;0;0
KU»EROV¡; Monika;VRV TEAM;0;46;0;0;0;0;0;0;0;0;0;0;0;0;0;0;0;0;0;0;0;0;0
TU»KOV¡;Lucie;;0;0;0;0;0;0;0;0;0;0;0;0;0;0;0;0;0;0;0;46;0;0;0
HusiËkov·;ZdeÚka;;0;0;0;0;0;0;0;0;0;0;0;44;0;0;0;0;0;0;0;0;0;0;0
MOäTKOV¡;Jitka;Inter Bratislava;0;0;0;0;0;0;0;0;44;0;0;0;0;0;0;0;0;0;0;0;0;0;0
Sladkovsk·;Petra;CK Frenöt·t p. R.;0;0;0;0;0;0;0;0;0;0;44;0;0;0;0;0;0;0;0;0;0;0;0
»underlov·;Daniela;;0;0;0;0;0;0;0;0;0;0;0;0;0;0;0;0;0;0;0;0;40;0;0
VICENCOV¡;Petra;CykloRacing Olomouc;40;0;0;0;0;0;0;0;0;0;0;0;0;0;0;0;0;0;0;0;0;0;0
Hapalov·;Eva;Roûnov;0;0;0;0;0;39;0;0;0;0;0;0;0;0;0;0;0;0;0;0;0;0;0
PREJDOV¡;Marie;SK Ji¯Ì Team Ostrava;39;0;0;0;0;0;0;0;0;0;0;0;0;0;0;0;0;0;0;0;0;0;0
Frantov·;Kate¯ina;Racing Oleön·;0;0;0;0;0;0;0;0;0;0;0;0;0;0;0;0;0;0;0;0;38;0;0
BU»ÕKOV¡;Hana;ACS DRAK Vrbno;0;0;0;0;0;0;0;0;0;0;0;0;0;0;0;0;0;0;0;0;0;34;0
Fidlerov·;Iva;YOGI Racing Ostrava 1;0;0;0;0;0;0;0;0;0;0;0;0;0;0;0;0;0;0;0;0;0;0;0
Ublansk·;Kamila;CK OrlÌk Orlov·;0;0;0;0;0;0;0;0;0;0;0;0;0;0;0;0;0;0;0;0;0;0;0
;;;;;;;;;;;;;;;;;;;;;;;;;
Kategorie M;13;;;;;;;;;;;;;;;;;;;;;;;;
p¯ÌjmenÌ;jmÈno;klub;Trispol;Olöovec;MJF;UstroÚ;Boh»as;Krnov;Anna;ArcMit;VCL;Bahenec;C.C.;TdJ;MAD;StVes;SPAC;MRSAC;MRSAC;GPF;Stonava;ML60;MJV;Paskov;BÏl·
Pol·Ëik;Martin;CK Continental Frenöt·t p.R.  1;40;36;0;50;55;39;55;50;55;60;42;44;48;0;59;58;50;46;70;55;50;35;42
Schichel;Jakub;YOGI Racing Ostrava 1;42;37;0;0;50;0;0;60;50;55;44;46;50;0;63;52;52;48;65;48;60;37;46
Haladus;Szymon;Cyklistika pro vöechny Krnov;44;0;0;55;60;46;46;55;60;50;40;40;46;34;61;54;54;49;58;42;46;36;44
Trachtulec;Petr;CK Feso Pet¯vald;60;0;0;0;0;60;0;0;0;0;0;50;0;55;75;70;70;65;0;60;0;60;50
MÌËek;Old¯ich;TJ Sigma Hranice;0;0;0;0;0;40;0;0;0;0;46;48;55;0;65;0;56;45;0;50;0;0;0
POKORN›; Petr;ACK Star· Ves nad Ond¯ejnicÌ;0;55;0;0;0;55;0;0;0;0;48;0;0;40;0;0;0;60;0;0;0;50;0
JARMA;Ctirad;CykloTeam Kol·rna;50;0;0;0;0;0;0;0;0;0;55;0;60;0;70;0;0;0;0;0;0;0;48
KRESTA;Jan;SK Ji¯Ì team Ostrava;0;40;0;0;0;48;0;0;0;0;0;0;0;44;0;0;0;0;60;46;0;40;0
KREJ»Õ;Marian;ACK Star· Ves nad Ond¯ejnicÌ;0;46;0;0;0;0;0;0;0;0;60;60;0;46;0;0;0;52;0;0;0;0;0
PaliËka;Hynek;ACK Star· ves N.O.;0;0;0;0;0;0;0;0;0;0;50;55;0;48;0;0;0;50;0;0;0;48;0
V¡VRA; Marek;ACK Star· Ves nad Ond¯ejnicÌ;0;50;0;0;0;50;0;0;0;0;0;0;0;42;0;0;0;58;0;0;0;39;0
Haöek;Daniel;SK Bag Bike;0;0;0;0;48;38;0;0;0;0;0;0;0;0;0;0;0;44;52;0;55;0;0
VlËek;Jan;TJ Sigma Hranice;0;0;0;0;0;37;0;0;0;0;38;38;44;0;0;0;0;0;0;39;0;34;0
KMÕNEK;VojtÏch;Mapei Cyklo KaÚkovsk˝;55;0;0;0;0;0;0;0;0;0;0;0;0;38;0;0;0;0;0;0;0;55;60
Krupa;Luboö;LubÌci;0;0;0;0;0;0;0;0;0;48;39;39;0;0;57;0;0;0;0;0;0;0;0
ROH¡»EK;Jakub;Mapei Cyklo KaÚkovsk˝;48;0;0;0;0;0;0;0;0;0;0;0;0;0;0;0;0;0;0;0;0;42;55
MiköanÌk;VladimÌr;SK Ji¯Ì team Ostrava;0;0;0;0;0;42;0;0;0;0;0;0;0;0;0;0;0;47;0;0;0;44;0
RUMAN; Jakub;ACK Star· Ves nad Ond¯ejnicÌ;0;60;0;0;0;0;0;0;0;0;0;0;0;0;0;0;0;0;0;0;0;46;0
Konderla;Luboö;"SkvÏl· kola-TJ Té T¯inec ""A""";0;0;0;60;0;44;0;0;0;0;0;0;0;0;0;0;0;0;0;0;0;0;0
B¡RTEK;David;VRV TEAM;0;44;0;0;0;0;0;0;0;0;0;0;0;0;0;0;0;54;0;0;0;0;0
MACEK; Michal;VRV TEAM;0;42;0;0;0;0;0;0;0;0;0;0;0;0;0;0;0;56;0;0;0;0;0
Homola;Jakub;Bike 2000;0;0;0;0;0;0;0;0;0;0;0;0;0;0;0;0;0;0;0;44;48;0;0
BIALONCZYK;Kamil;Author Pszczyna;0;48;0;0;0;0;0;0;0;0;0;0;0;37;0;0;0;0;0;0;0;0;0
LAäTŸVKA;David;Mapei Cyklo KaÚkovsk˝;46;0;0;0;0;0;0;0;0;0;0;0;0;0;0;0;0;0;0;0;0;38;0
Sola¯;Kryötof;;0;0;0;0;0;0;0;0;0;0;0;0;0;0;0;0;0;70;0;0;0;0;0
MichaliËka;Juraj;Cyklistick˝ spolok éilina;0;0;0;0;0;0;0;0;0;0;0;0;0;60;0;0;0;0;0;0;0;0;0
Svaczyna;Tom·ö;CK FESO Pet¯vald;0;0;0;0;0;0;0;0;0;0;0;0;0;0;0;0;0;0;56;0;0;0;0
Vall;Jan;SK Maxbike Ostrava;0;0;0;0;0;0;0;0;0;0;0;0;0;0;0;0;0;0;54;0;0;0;0
Hlawiczka;David;SkvÏl· kola-TJ Té T¯inec;0;0;0;0;0;0;0;0;0;0;0;0;0;0;0;0;0;0;50;0;0;0;0
Vojtek;Miloö;Cyklistick˝ spolok éilina;0;0;0;0;0;0;0;0;0;0;0;0;0;50;0;0;0;0;0;0;0;0;0
Svoboda;Tom·ö;Mosty u Jablunkova;0;0;0;0;0;0;0;0;0;0;0;42;0;0;0;0;0;0;0;0;0;0;0
FELBIER;Rudolf;TK Opava;0;0;0;0;0;0;0;0;0;0;0;0;0;0;0;0;0;0;0;40;0;0;0
Januö;Pavol;Cyklistick˝ spolok éilina;0;0;0;0;0;0;0;0;0;0;0;0;0;39;0;0;0;0;0;0;0;0;0
PARMA; Dominik;TJ UniËov;0;39;0;0;0;0;0;0;0;0;0;0;0;0;0;0;0;0;0;0;0;0;0
äKOPEC;Filip;ACS Drak Vrbno;39;0;0;0;0;0;0;0;0;0;0;0;0;0;0;0;0;0;0;0;0;0;0
ZEç¡K; Michael;Bike 2000;0;38;0;0;0;0;0;0;0;0;0;0;0;0;0;0;0;0;0;0;0;0;0
Stanovsky;David;;0;0;0;0;0;0;0;0;0;0;37;0;0;0;0;0;0;0;0;0;0;0;0
Smolinski;Piotr;UKS Stobrawa Kluczbork;0;0;0;0;0;0;0;0;0;0;0;0;0;36;0;0;0;0;0;0;0;0;0
Person;Tom·ö;Cyklistick˝ spolok éilina;0;0;0;0;0;0;0;0;0;0;0;0;0;35;0;0;0;0;0;0;0;0;0
BuËko;Adam;Cyklistick˝ spolok éilina;0;0;0;0;0;0;0;0;0;0;0;0;0;33;0;0;0;0;0;0;0;0;0
SVÕZELA;Tom·ö;MG bike team;0;0;0;0;0;0;0;0;0;0;0;0;0;0;0;0;0;0;0;0;0;33;0
Kujawa;Michal;UKS Stobrawa Kluczbork;0;0;0;0;0;0;0;0;0;0;0;0;0;32;0;0;0;0;0;0;0;0;0
Mendygral;Ryszard;Dobre sklepy rowerove;0;0;0;0;0;0;0;0;0;0;0;0;0;31;0;0;0;0;0;0;0;0;0
;;;;;;;;;;;;;;;;;;;;;;;;;
Druûstva;23;;;;;;;;;;;;;;;;;;;;;;;;
p¯ÌjmenÌ;jmÈno;klub;Trispol;Olöovec;MJF;UstroÚ;Boh»as;Krnov;Anna;ArcMit;VCL;Bahenec;C.C.;TdJ;MAD;StVes;SPAC;MRSAC;MRSAC;GPF;Stonava;ML60;MJV;Paskov;BÏl·
CK Continental Frenöt·t p.R.  1;;;148;175;83;136;161;180;136;160;175;156;158;130;180;163;199;162,4;138;188;200;164;150;175;131,6
FORCE KCK CYKLOTEAM ZLÕN;;;150;155;78;141;158;149;160;175;147;160;139;150;165;131;167;155;167;170;175;146;156;153;151
Cyklistika pro vöechny Krnov;;;118,2;115,2;56;132;128;126,4;118,4;134;134;128;123;134;132;121,4;166;125,6;129,6;146;145,2;131,6;117,6;120,8;137,4
"SkvÏl· kola-TJ Té T¯inec ""A""";;;61;129;67;114;124;110,2;104;152;117;136;145;127;128;132;177;144;123;137;165;110;115,2;134;110,2
YOGI Racing Ostrava 1;;;126;103,6;0;40;148;111,6;44;146;121;136;120,2;120,4;130;133,8;170,4;162,6;125,8;152,6;178;119,2;140;29,6;142,8
"CK KolÌk Hobby BohumÌn ""A""";;;101;109;63;106;134;106,4;109;110,6;126;125;105,6;68;101,2;128;163;129;132;130,6;137,2;108,2;87,6;81,6;116,4
A Bike Club Ostrava;;;64;115;0;104;130;115;93;128;103;140;137;132;121;0;171;128;112;129;149;132;141;114;100
CK Feso Pet¯vald;;;127;92;0;84;62;137;0;81;115;134;125;143;137;136;184;81;153;151;38;142;103;87;117
Team Forman Cinelli;;;111,8;109;0;0;79,2;113;61,2;71,4;114,8;136;132,4;128,4;71,4;126,2;168,6;112,2;148,2;128,4;90;131;98;86,4;71
CYCLING BRNO BAGBIKE;;;108;154;0;94;159;92;98;148;50;0;50;94;46;40;65;126;115;121;190;132;123;95;154
Cyklokramo Suchdol nad Odrou;;;35,2;114,2;0;0;96,4;31,2;0;90,4;113,2;77,6;113,6;33,6;108;125,2;146,2;0;125;145,6;124,8;126;132,8;122;87,2
2K-BIKE CLUB Odry;;;110;114;0;0;0;101;0;42;98;88;98,4;95;124;60;118,8;48;91,2;88,8;98;95;73,4;103;98
Lowell Pro äafrata Team BohumÌn;;;38,4;124;62;66,4;75,2;68,8;30,4;48;93,2;0;110,8;0;99,6;32;91,2;78,4;44,8;129,2;88;106,2;70,4;98,8;105,8
"Racing Oleön· ""A""";;;0;0;0;0;80;0;0;127;89;77;122,8;48;102,4;0;167;133;127,4;0;153;0;60;30;48
Cykloservis MB;;;27;58;31;0;126;0;0;114;45;115,2;84;109;68;0;101;80;53;61;153;70;27;0;39
YOGI Racing Ostrava 2;;;24;66;0;0;96,6;100,6;25,6;92,6;57,2;73,6;78;0;38;29,6;137,8;86,8;32;45;114,2;33;26,4;108,4;29
"CK KolÌk Hobby BohumÌn ""B""";;;20;0;52;0;113;68;17;115;85;85;94;37;61;31;42;45;0;66;109,4;0;88;66,4;68,6
SK ValaöskÈho kr·lovstvÌ;;;24;77;0;0;84;86;0;90;38;30;29;36;28;35;108;54;60;89;96;0;46;50;0
CK Continental Frenöt·t p.R.  2;;;62;33;0;0;119;38,4;0;113;61,2;34;30;0;63,8;0;91;63,2;0;117,2;133;0;28;0;33
CK OrlÌk Orlov·;;;0;0;0;0;53,6;0;0;87,2;79,2;94,4;86,4;98,4;54,4;64;79,2;57,6;55,2;68,8;65,6;0;27,2;29,6;0
SK MAXBIKE Ostrava;;;31;50;0;0;67;71;31;69;46;39;44;39;38;48;53;0;0;56;91;40;40;42;55
ACK Star· Ves nad Ond¯ejnicÌ;;;0;69;60;24;28,8;0;0;81,2;48;0;80,4;0;55;127;0;43;0;48;0;60;32;71,4;40
Racing Oleön· ÑBì;;;0;0;0;0;68;0;0;95;20;0;58;35;0;0;117;85;19;0;122;0;0;0;34
"SkvÏl· kola-TJ Té T¯inec ""B""";;;0;0;0;59,2;53,6;0;0;32;31,2;35,2;31,2;100,2;30,4;35,2;43,2;33,6;37,6;39,2;35,2;0;0;31,2;0
;;;;;;;;;;;;;;;;;;;;;;;;;
;;;;;;;;;;;;;;;;;;;;;;;;;
Vrcha¯ A;3;;;;;;;;;;;;;;;;;;;;;;;;
p¯ÌjmenÌ;jmÈno;klub;Bahenec;C.C.;TdJ;VC;;;;;;;;;;;;;;;;;;;
Fierla;Ond¯ej;Team Forman Cinelli;60;60;50;60;;;;;;;;;;;;;;;;;;;
Byrtus;Luk·ö;"SkvÏl· kola-TJ Té T¯inec ""A""";50;55;46;48;;;;;;;;;;;;;;;;;;;
DuûÌk;Josef;A Bike Club Ostrava;48;46;40;44;;;;;;;;;;;;;;;;;;;
BubenÌk;Ji¯Ì;Cykloservis MB;44;42;37;38;;;;;;;;;;;;;;;;;;;
äkoda;Kristi·n;CK Continental Frenöt·t p.R.  1;40;44;38;39;;;;;;;;;;;;;;;;;;;
Fierla;Jan;CK Feso Pet¯vald;36;37;39;37;;;;;;;;;;;;;;;;;;;
Hradil;Michal;FORCE KCK CYKLOTEAM ZLÕN;39;0;34;33;;;;;;;;;;;;;;;;;;;
Motyka;Adam;A Bike Club Ostrava;35;36;32;0;;;;;;;;;;;;;;;;;;;
Matula;Luk·ö;FORCE KCK CYKLOTEAM ZLÕN;55;0;44;0;;;;;;;;;;;;;;;;;;;
KoneËn˝; Dalibor;A Bike Club Ostrava;46;0;0;42;;;;;;;;;;;;;;;;;;;
Kusidlo;Mariusz;"CK KolÌk Hobby BohumÌn ""A""";38;0;0;40;;;;;;;;;;;;;;;;;;;
»ern˝;Viktor;YOGI Racing Ostrava 2;0;38;0;36;;;;;;;;;;;;;;;;;;;
HRACHOVINA;Eduard;TEAM FORMAN CINELI;37;0;35;0;;;;;;;;;;;;;;;;;;;
BrzÛzka; Adrian;JBG-2 Team;0;0;60;0;;;;;;;;;;;;;;;;;;;
BROKEä;Rostislav;TEAM FORMAN CINELI;0;0;0;55;;;;;;;;;;;;;;;;;;;
Michalek;Mariusz;JBG-2 Team;0;0;55;0;;;;;;;;;;;;;;;;;;;
URB¡äEK;Jan;EX 23 SARONI FACTORY TEAM;0;0;0;50;;;;;;;;;;;;;;;;;;;
Z·ruba;Petr;ACK Star· Ves nad Ond¯ejnicÌ;0;50;0;0;;;;;;;;;;;;;;;;;;;
Klos;Viktor;Bag Bike-Rubing;0;48;0;0;;;;;;;;;;;;;;;;;;;
Kozak;M.J.;JBG-2 Team;0;0;48;0;;;;;;;;;;;;;;;;;;;
éeravÌk;VojtÏch;TJ Sigma Hranice;0;0;0;46;;;;;;;;;;;;;;;;;;;
Alickun;Eduard;Czernica;42;0;0;0;;;;;;;;;;;;;;;;;;;
Braulinski; Michal;JBG-2 Team;0;0;42;0;;;;;;;;;;;;;;;;;;;
Jasynsky;Martin;Kupnakolo;0;40;0;0;;;;;;;;;;;;;;;;;;;
Stola¯Ìk;Tom·ö;Lowell Pro äafrata Team BohumÌn;0;39;0;0;;;;;;;;;;;;;;;;;;;
Drozd;Tomasz;MBT TEAMS;0;0;36;0;;;;;;;;;;;;;;;;;;;
Jakl;Tom·ö;Lowell Pro äafrata Team BohumÌn;0;35;0;0;;;;;;;;;;;;;;;;;;;
PREJDA;V·clav;TEAM FORMAN CINELI;0;0;0;35;;;;;;;;;;;;;;;;;;;
Kraus;Dariusz;Dar-Bud Team;0;34;0;0;;;;;;;;;;;;;;;;;;;
Wala;Jan;Ex 23 Saroni Factory Team;0;0;0;34;;;;;;;;;;;;;;;;;;;
Heczko;Filip;"SkvÏl· kola-TJ Té T¯inec ""B""";0;0;33;0;;;;;;;;;;;;;;;;;;;
LANT;AntonÌn;TEAM FORMAN CINELI;0;0;0;32;;;;;;;;;;;;;;;;;;;
;;;;;;;;;;;;;;;;;;;;;;;;;
Vrcha¯ B;3;;;;;;;;;;;;;;;;;;;;;;;;
p¯ÌjmenÌ;jmÈno;klub;Bahenec;C.C.;TdJ;VC;;;;;;;;;;;;;;;;;;;
Chamr·d;Ji¯Ì;;55;0;55;55;;;;;;;;;;;;;;;;;;;
Kvapulinsk˝;Martin;A Bike Club Ostrava;46;55;50;40;;;;;;;;;;;;;;;;;;;
GalatÌk;Roman;CK Continental Frenöt·t p.R.  1;48;50;48;44;;;;;;;;;;;;;;;;;;;
Mitrenga;Petr;"SkvÏl· kola-TJ Té T¯inec ""A""";42;44;39;46;;;;;;;;;;;;;;;;;;;
Bollo;Roman;YOGI Racing Ostrava 2;44;40;0;42;;;;;;;;;;;;;;;;;;;
Javorek;Petr;www.masazprozeny.cz;0;46;44;35;;;;;;;;;;;;;;;;;;;
SWACZYNA;Petr;CK Feso Pet¯vald;60;0;60;0;;;;;;;;;;;;;;;;;;;
Hlawiczka;Martin;"SkvÏl· kola-TJ Té T¯inec ""A""";39;37;36;33;;;;;;;;;;;;;;;;;;;
SlavÌk;Ji¯Ì;FORCE KCK CYKLOTEAM ZLÕN;0;42;40;30;;;;;;;;;;;;;;;;;;;
HudeËek;Petr;Forman Cinnelli;0;60;0;48;;;;;;;;;;;;;;;;;;;
Grigorescu;Lubor;Roûnov;0;34;33;37;;;;;;;;;;;;;;;;;;;
Motyka;Patrik;A Bike Club Ostrava;0;35;37;31;;;;;;;;;;;;;;;;;;;
UCHYTIL;Martin;UherskÈ HradiötÏ;0;36;35;32;;;;;;;;;;;;;;;;;;;
Fryc;Bohdan;A Bike Club Ostrava;37;33;32;29;;;;;;;;;;;;;;;;;;;
Folt˝n;Ji¯Ì;"CK KolÌk Hobby BohumÌn ""A""";38;30;31;28;;;;;;;;;;;;;;;;;;;
äenke¯Ìk;Jan;FORCE KCK CYKLOTEAM ZLÕN;50;0;46;0;;;;;;;;;;;;;;;;;;;
JureËka;Roman;CK Continental Frenöt·t p.R.  1;36;29;28;0;;;;;;;;;;;;;;;;;;;
Gruchala;VojtÏch;TK Ostrava;35;32;0;25;;;;;;;;;;;;;;;;;;;
Pet¯Ìk;ZdenÏk;Cyklistika pro vöechny Krnov;0;39;0;50;;;;;;;;;;;;;;;;;;;
KoneËn˝;Luk·ö;CK Vlastibor KoneËn˝;40;0;0;39;;;;;;;;;;;;;;;;;;;
Heinrich;Luk·ö;BIKESTYLE.CZ;0;38;0;38;;;;;;;;;;;;;;;;;;;
Mat·k;Andrej;Cykloklub Kysuce A;34;0;29;0;;;;;;;;;;;;;;;;;;;
»ER;Tom·ö;BikeStyle.cz;0;0;0;60;;;;;;;;;;;;;;;;;;;
Chochol·Ë;Ji¯Ì;CK Continental Frenöt·t p.R.  1;0;48;0;0;;;;;;;;;;;;;;;;;;;
Wrzyna;Rafal;Jafisport bike team;0;0;42;0;;;;;;;;;;;;;;;;;;;
TeslÌk;Petr;YOGI Racing Ostrava 1;0;0;38;0;;;;;;;;;;;;;;;;;;;
TomeËek;LubomÌr;;0;0;0;36;;;;;;;;;;;;;;;;;;;
Pietrzyk;Vratislav;"SkvÏl· kola-TJ Té T¯inec ""A""";0;0;34;0;;;;;;;;;;;;;;;;;;;
Rucka;Richard;UCJH;0;0;0;34;;;;;;;;;;;;;;;;;;;
Kwiecieny;Adam;;0;31;0;0;;;;;;;;;;;;;;;;;;;
Scheibinger;Ji¯Ì;TÏrlice;0;0;30;0;;;;;;;;;;;;;;;;;;;
Wyszynsky;Daruiusz;;0;28;0;0;;;;;;;;;;;;;;;;;;;
Holacky;Miroslav;äumperk;0;0;27;0;;;;;;;;;;;;;;;;;;;
Holona;Martin;HPEL TEAM;0;0;0;27;;;;;;;;;;;;;;;;;;;
Schvarz;Ond¯ej;PUR Frenöt·t;0;27;0;0;;;;;;;;;;;;;;;;;;;
Chud˝;Jan;;0;0;0;26;;;;;;;;;;;;;;;;;;;
Kitlowski;Piotr;Jafisport bike team;0;0;26;0;;;;;;;;;;;;;;;;;;;
MoravËÌk;Petr;Continental;0;26;0;0;;;;;;;;;;;;;;;;;;;
StanÏk;Pavel;Cyklosport P¯ikryl Star· Ves n. Ond¯ejnicÌ;0;0;0;24;;;;;;;;;;;;;;;;;;;
KARMELITA;Tom·ö;Loko Krnov;0;0;0;23;;;;;;;;;;;;;;;;;;;
Novotn˝;Ji¯Ì;Team Forman Cinelli;0;0;0;22;;;;;;;;;;;;;;;;;;;
;;;;;;;;;;;;;;;;;;;;;;;;;
Vrcha¯ C;3;;;;;;;;;;;;;;;;;;;;;;;;
p¯ÌjmenÌ;jmÈno;klub;Bahenec;C.C.;TdJ;VC;;;;;;;;;;;;;;;;;;;
Kl·öterka;Tom·ö;CK Continental Frenöt·t p.R.  1;60;60;0;60;;;;;;;;;;;;;;;;;;;
Odv·rka;Ivo;FORCE KCK CYKLOTEAM ZLÕN;55;55;60;55;;;;;;;;;;;;;;;;;;;
Ad·mek;Luk·ö;CK Feso Pet¯vald;50;50;55;50;;;;;;;;;;;;;;;;;;;
Swaczyna;Patrik;CK Feso Pet¯vald;48;0;48;44;;;;;;;;;;;;;;;;;;;
Boszczyk;Norbert;"SkvÏl· kola-TJ Té T¯inec ""A""";44;46;42;42;;;;;;;;;;;;;;;;;;;
Galuöka;Tom·ö;CK Continental Frenöt·t p.R.  1;42;40;44;46;;;;;;;;;;;;;;;;;;;
Blahut;Radek;SK MAXBIKE Ostrava;39;44;39;37;;;;;;;;;;;;;;;;;;;
»erven˝;Luk·ö;Cykloservis MB;40;42;40;36;;;;;;;;;;;;;;;;;;;
Wilhelm;Jaroslav;"CK KolÌk Hobby BohumÌn ""A""";37;37;37;28;;;;;;;;;;;;;;;;;;;
Jaroö;Martin;Racing Oleön· ÑBì;0;36;35;35;;;;;;;;;;;;;;;;;;;
Fierla;Jan;CK Feso Pet¯vald;0;38;36;30;;;;;;;;;;;;;;;;;;;
Kaiser;ZdenÏk;A Bike Club Ostrava;34;0;34;32;;;;;;;;;;;;;;;;;;;
Dohnal;Blahoslav;Cyklistika pro vöechny Krnov;36;35;0;0;;;;;;;;;;;;;;;;;;;
Mrozek;Marian;TJ TZ TRINEC;0;0;50;0;;;;;;;;;;;;;;;;;;;
Kokeö;Pavel;SK ValaöskÈho kr·lovstvÌ;0;0;0;48;;;;;;;;;;;;;;;;;;;
äÌma;Martin;Max Cursor;0;48;0;0;;;;;;;;;;;;;;;;;;;
Machotka;Karel;YOGI Racing Ostrava 1;46;0;0;0;;;;;;;;;;;;;;;;;;;
Pytel;JaromÌr;CYCLING BRNO BAGBIKE;0;0;46;0;;;;;;;;;;;;;;;;;;;
äVEHLA;Miloslav;Bike Sport Opava;0;0;0;40;;;;;;;;;;;;;;;;;;;
Nov·k;Milan;XXX Bike Club;0;0;0;39;;;;;;;;;;;;;;;;;;;
Woznica;Jaroslav;"CK KOLÕK HOBBY BohumÌn ""A""";0;39;0;0;;;;;;;;;;;;;;;;;;;
Kantor;Tom·ö;TJ Té T¯inec;38;0;0;0;;;;;;;;;;;;;;;;;;;
ONDERKA;Milan;Yogi Racing Ostrava I.;0;0;38;0;;;;;;;;;;;;;;;;;;;
Orzadala;Patrik;HavÌ¯ov;0;0;0;38;;;;;;;;;;;;;;;;;;;
äimeËek;Radim;Profily Midar P¯Ìbor;35;0;0;0;;;;;;;;;;;;;;;;;;;
Kol·Ëek;Petr;CK Feso Pet¯vald;0;0;0;34;;;;;;;;;;;;;;;;;;;
Sedl·¯;Milan;FORCE KCK CYKLOTEAM ZLÕN;0;34;0;0;;;;;;;;;;;;;;;;;;;
Janczura;Piotr Henryk;;0;33;0;0;;;;;;;;;;;;;;;;;;;
Schnerch;Martin;"SkvÏl· kola-TJ Té T¯inec ""A""";0;0;0;33;;;;;;;;;;;;;;;;;;;
VavreËka;LumÌr;RC Sviadnov;0;32;0;0;;;;;;;;;;;;;;;;;;;
Guziur;Dalibor;Racing Oleön·;0;31;0;0;;;;;;;;;;;;;;;;;;;
Kar·sek;Ji¯Ì;Racing Oleön· B;0;0;0;31;;;;;;;;;;;;;;;;;;;
Skovajsa;Michal;;0;30;0;0;;;;;;;;;;;;;;;;;;;
Franta;Roman;"Racing Oleön· ""A""";0;0;0;29;;;;;;;;;;;;;;;;;;;
MaliÚ·k;Tom·ö;;0;29;0;0;;;;;;;;;;;;;;;;;;;
Gierc;David;;0;0;0;27;;;;;;;;;;;;;;;;;;;
;;;;;;;;;;;;;;;;;;;;;;;;;
Vrcha¯ D;3;;;;;;;;;;;;;;;;;;;;;;;;
p¯ÌjmenÌ;jmÈno;klub;Bahenec;C.C.;TdJ;VC;;;;;;;;;;;;;;;;;;;
!!! MÕ»EK; Old¯ich;TJ Sigma Hranice;55;55;50;60;;;;;;;;;;;;;;;;;;;
M¸ck;Arnoöt;2K-BIKE CLUB Odry;48;60;55;50;;;;;;;;;;;;;;;;;;;
Sk¯eËek;Robert;CYCLING BRNO BAGBIKE;0;50;48;48;;;;;;;;;;;;;;;;;;;
AdamËÌk;Miroslav;Cyklokramo Suchdol nad Odrou;44;44;0;46;;;;;;;;;;;;;;;;;;;
Satinsk˝;Alexandr;YOGI Racing Ostrava 1;42;46;44;44;;;;;;;;;;;;;;;;;;;
Beneö;Petr;YOGI Racing Ostrava 1;46;39;0;42;;;;;;;;;;;;;;;;;;;
Pelc;Ladislav;CK Continental Frenöt·t p.R.  1;38;48;0;38;;;;;;;;;;;;;;;;;;;
DaÚhel;MojmÌr;Cyklistika pro vöechny Krnov;40;37;46;36;;;;;;;;;;;;;;;;;;;
sikora;miroslav;TJ TZ TRINEC;60;0;60;0;;;;;;;;;;;;;;;;;;;
KoneËn˝;Pavel;"CK KolÌk Hobby BohumÌn ""A""";39;35;0;39;;;;;;;;;;;;;;;;;;;
Chmura;Petr;Team Forman Cinelli;36;34;40;33;;;;;;;;;;;;;;;;;;;
Motyka;Tom·ö;A Bike Club Ostrava;33;0;42;34;;;;;;;;;;;;;;;;;;;
Krupa ;LubomÌr;LUBICI;37;0;38;32;;;;;;;;;;;;;;;;;;;
Praski;Henryk;"CK KolÌk Hobby BohumÌn ""B""";35;33;37;0;;;;;;;;;;;;;;;;;;;
Kont˙r;Milan;SK ValaöskÈho kr·lovstvÌ;30;29;36;29;;;;;;;;;;;;;;;;;;;
Schneider;Rudolf;CK Continental Frenöt·t p.R.  2;34;30;0;31;;;;;;;;;;;;;;;;;;;
Kaszuba;Miroslav;"CK KolÌk Hobby BohumÌn ""B""";50;40;0;0;;;;;;;;;;;;;;;;;;;
HrazdÌlek;Alois;Renokov team;27;24;34;0;;;;;;;;;;;;;;;;;;;
HlavatÌk;Ladislav;"Racing Oleön· ""A""";29;25;0;27;;;;;;;;;;;;;;;;;;;
LETAVAY;äTEFAN;CK TURZOVKA;32;0;39;0;;;;;;;;;;;;;;;;;;;
Jakl;Ji¯Ì;Triatlon klub Ostrava;0;27;0;30;;;;;;;;;;;;;;;;;;;
K¯iû·k;Petr;Symbio+Cannnondale;0;0;0;55;;;;;;;;;;;;;;;;;;;
Vyoral;LubomÌr;"CK KolÌk Hobby BohumÌn ""B""";0;21;0;26;;;;;;;;;;;;;;;;;;;
Slez·k;Josef;FORCE KCK CYKLOTEAM ZLÕN;0;42;0;0;;;;;;;;;;;;;;;;;;;
MiËko;Jan;CK Feso Pet¯vald;0;0;0;40;;;;;;;;;;;;;;;;;;;
Lach;Alan;"Racing Oleön· ""A""";0;38;0;0;;;;;;;;;;;;;;;;;;;
Myn·¯;Jura;MTB Ond¯ejnÌk;0;0;0;37;;;;;;;;;;;;;;;;;;;
Javora;Stanislav;Valach Bike Team;0;36;0;0;;;;;;;;;;;;;;;;;;;
Niemczyk;Jan;;0;0;35;0;;;;;;;;;;;;;;;;;;;
änajder;Roman;Racing Oleön· ÑAì;0;0;0;35;;;;;;;;;;;;;;;;;;;
Rzyzanowski;Zbigniew;Unipol;0;32;0;0;;;;;;;;;;;;;;;;;;;
»UBO“;PETER;CK TURZOVKA;31;0;0;0;;;;;;;;;;;;;;;;;;;
Strnadel;LudÏk;»eladn·;0;31;0;0;;;;;;;;;;;;;;;;;;;
Holeö;Ji¯Ì;"CK KolÌk Hobby BohumÌn ""A""";0;28;0;0;;;;;;;;;;;;;;;;;;;
KOLEN»IK;MIROSLAV;CK TURZOVKA;28;0;0;0;;;;;;;;;;;;;;;;;;;
ObËÌvaË;V·clav;MTB Ond¯ejnÌk;0;0;0;28;;;;;;;;;;;;;;;;;;;
Z·ruba;Pavel;ämelci H·jov;0;26;0;0;;;;;;;;;;;;;;;;;;;
JANKOWSKI;ALEKSANDER;DAR-BUD TEAM;0;23;0;0;;;;;;;;;;;;;;;;;;;
PavlÌk;Petr;"Racing Oleön· ""B""";0;22;0;0;;;;;;;;;;;;;;;;;;;
;;;;;;;;;;;;;;;;;;;;;;;;;
Vrcha¯ E;3;;;;;;;;;;;;;;;;;;;;;;;;
p¯ÌjmenÌ;jmÈno;klub;Bahenec;C.C.;TdJ;;;;;;;;;;;;;;;;;;;;
BuËek;Michal;Racing Oleön· ÑAì;60;60;60;60;;;;;;;;;;;;;;;;;;;
DanÏËek;Pavel;Cyklistika pro vöechny Krnov;55;55;55;50;;;;;;;;;;;;;;;;;;;
Zem·nek;LubomÌr;2K-BIKE CLUB Odry;50;48;50;46;;;;;;;;;;;;;;;;;;;
Teönar;Tom·ö;YOGI Racing Ostrava 1;48;44;48;48;;;;;;;;;;;;;;;;;;;
Mottl;BohumÌr;"CK KolÌk Hobby BohumÌn ""A""";46;42;0;44;;;;;;;;;;;;;;;;;;;
Vesel˝;Petr;"SkvÏl· kola-TJ Té T¯inec  ""B""";44;39;46;42;;;;;;;;;;;;;;;;;;;
Dubn˝;Pavel;Cyklokramo Suchdol nad Odrou;42;37;42;34;;;;;;;;;;;;;;;;;;;
PÏg¯imek;Milan;CK OrlÌk Orlov·;40;36;44;33;;;;;;;;;;;;;;;;;;;
Savka;Miroslav;CK OrlÌk Orlov·;38;33;39;35;;;;;;;;;;;;;;;;;;;
Masn˝;Milan;"Racing Oleön· ""A""";0;46;0;55;;;;;;;;;;;;;;;;;;;
Pilecki;Stanislav;Cykloservis MB;39;0;40;0;;;;;;;;;;;;;;;;;;;
PekarËÌk;Ji¯Ì;Cyklokramo Suchdol nad Odrou;0;35;0;32;;;;;;;;;;;;;;;;;;;
Toman;Vladislav;Cyklokramo Suchdol nad Odrou;0;50;0;0;;;;;;;;;;;;;;;;;;;
Leszczynski;Xaverery;KolÌk Kobby C;0;40;0;0;;;;;;;;;;;;;;;;;;;
Zdanowicz;Marek;;0;0;0;40;;;;;;;;;;;;;;;;;;;
PavlÌk;Ji¯Ì;CK Continental Frenöt·t p.R.  2;0;0;0;39;;;;;;;;;;;;;;;;;;;
Kotas;Pavel;PJR;0;0;0;38;;;;;;;;;;;;;;;;;;;
Misina;Andrzej;ACK Star· Ves nad Ond¯ejnicÌ;0;38;0;0;;;;;;;;;;;;;;;;;;;
Mrakvia;ZdenÏk;"SkvÏl· kola-TJ Té T¯inec ""B""";0;0;38;0;;;;;;;;;;;;;;;;;;;
Bluszcz;Stefan;Lowell Pro äafrata Team BohumÌn;0;0;0;37;;;;;;;;;;;;;;;;;;;
Homola;Petr;YOGI Racing Ostrava 2;37;0;0;0;;;;;;;;;;;;;;;;;;;
Ertel;Ji¯Ì;Novatop Lapierre;0;0;0;36;;;;;;;;;;;;;;;;;;;
äut·k;Peter;CK TURZOVKA;36;0;0;0;;;;;;;;;;;;;;;;;;;
Mrn˘ötÌk;Josef;Cyklotech-Pro a Mrn˘ötÌk;0;34;0;0;;;;;;;;;;;;;;;;;;;
;;;;;;;;;;;;;;;;;;;;;;;;;
Vrcha¯ é;3;;;;;;;;;;;;;;;;;;;;;;;;
p¯ÌjmenÌ;jmÈno;klub;Bahenec;C.C.;TdJ;VC;;;;;;;;;;;;;;;;;;;
DanÏËkov·;Romana;Cyklistika pro vöechny Krnov;55;42;50;44;;;;;;;;;;;;;;;;;;;
Chmurov·;Jana;Team Forman Cinelli;50;48;48;42;;;;;;;;;;;;;;;;;;;
Halmov·;Eva;CK OrlÌk Orlov·;40;39;40;0;;;;;;;;;;;;;;;;;;;
MUDÿÕKOV¡; Kate¯ina;CK Feso Pet¯vald;0;0;60;55;;;;;;;;;;;;;;;;;;;
Bartoöov·;Denisa;"CK KolÌk Hobby BohumÌn ""A""";60;0;0;50;;;;;;;;;;;;;;;;;;;
Dohnalov·;Jaroslava;Cyklistika pro vöechny Krnov;0;50;55;0;;;;;;;;;;;;;;;;;;;
Jaklov·;Ivana;Lowell Pro äafrata Team BohumÌn;0;46;0;48;;;;;;;;;;;;;;;;;;;
Lantov· st.;Romana;Cyklistika pro vöechny Krnov;44;0;0;38;;;;;;;;;;;;;;;;;;;
Krzyûankov·;Lenka;"SkvÏl· kola-TJ Té T¯inec ""A""";0;0;39;37;;;;;;;;;;;;;;;;;;;
Bajgerov·;Nikola;KC Kooperativa SG Jablonec;0;0;0;60;;;;;;;;;;;;;;;;;;;
Javorov·;Lucie;Valach Bajk Team;0;60;0;0;;;;;;;;;;;;;;;;;;;
Proch·zkov·;Kamila;Sintesi Prima Donna;0;55;0;0;;;;;;;;;;;;;;;;;;;
Ejsmont;Joanna;UNIPOL Czestochowa;48;0;0;0;;;;;;;;;;;;;;;;;;;
Kotalov·;Veronika;TJ UniËov;0;0;0;46;;;;;;;;;;;;;;;;;;;
Lantov·;Romana;Cyklistika pro vöechny Krnov;46;0;0;0;;;;;;;;;;;;;;;;;;;
PYTLOV¡; MarkÈta;SK Bag Bike;0;0;46;0;;;;;;;;;;;;;;;;;;;
HusiËkov·;ZdeÚka;;0;0;44;0;;;;;;;;;;;;;;;;;;;
Sladkovsk·;Petra;CK Frenöt·t p. R.;0;44;0;0;;;;;;;;;;;;;;;;;;;
LÌbenkov·;Sylva;CK Feso Pet¯vald;42;0;0;0;;;;;;;;;;;;;;;;;;;
Sikorov·;Michaela;TJ TZ TRINEC;0;0;42;0;;;;;;;;;;;;;;;;;;;
NAVR¡TILOV¡; Kate¯ina;TJ Sigma Hranice;0;40;0;0;;;;;;;;;;;;;;;;;;;
TrËkov·;Daniela;TJ Kovo Praha;0;0;0;40;;;;;;;;;;;;;;;;;;;
PargaËov·;Marcela;Cyklokramo Suchdol nad Odrou;0;0;0;39;;;;;;;;;;;;;;;;;;;
;;;;;;;;;;;;;;;;;;;;;;;;;
Vrcha¯ M;3;;;;;;;;;;;;;;;;;;;;;;;;
p¯ÌjmenÌ;jmÈno;klub;Bahenec;C.C.;TdJ;VC;;;;;;;;;;;;;;;;;;;
Pol·Ëik;Martin;CK Continental Frenöt·t p.R.  1;60;42;44;44;;;;;;;;;;;;;;;;;;;
Schichel;Jakub;YOGI Racing Ostrava 1;55;44;46;46;;;;;;;;;;;;;;;;;;;
!!! MÌËek;Old¯ich;TJ Sigma Hranice;0;46;48;50;;;;;;;;;;;;;;;;;;;
Haladus;Szymon;Cyklistika pro vöechny Krnov;50;40;40;48;;;;;;;;;;;;;;;;;;;
Krupa;Luboö;LubÌci;48;39;39;42;;;;;;;;;;;;;;;;;;;
KREJ»Õ;Marian;ACK Star· Ves nad Ond¯ejnicÌ;0;60;60;0;;;;;;;;;;;;;;;;;;;
JARMA;Ctirad;CykloTeam Kol·rna;0;55;0;55;;;;;;;;;;;;;;;;;;;
Trachtulec;Petr;CK Feso Pet¯vald;0;0;50;60;;;;;;;;;;;;;;;;;;;
PaliËka;Hynek;ACK Star· ves N.O.;0;50;55;0;;;;;;;;;;;;;;;;;;;
VlËek;Jan;TJ Sigma Hranice;0;38;38;0;;;;;;;;;;;;;;;;;;;
POKORN›; Petr;ACK Star· Ves nad Ond¯ejnicÌ;0;48;0;0;;;;;;;;;;;;;;;;;;;
Svoboda;Tom·ö;Mosty u Jablunkova;0;0;42;0;;;;;;;;;;;;;;;;;;;
Stanovsky;David;;0;37;0;0;;;;;;;;;;;;;;;;;;;
;;;;;;;;;;;;;;;;;;;;;;;;;
»asovka A;3;;;;;VC;;;;;;;;;;;;;;;;;;;
p¯ÌjmenÌ;jmÈno;klub;Boh»as;ArcMit;Stonava;Ëas.;;;;;;;;;;;;;;;;;;;
Byrtus;Luk·ö;"SkvÏl· kola-TJ Té T¯inec ""A""";36;60;60;50;;;;;;;;;;;;;;;;;;;
!!! Alickun;Eduard;Czernica;46;44;70;35;;;;;;;;;;;;;;;;;;;
Kusidlo;Mariusz;"CK KolÌk Hobby BohumÌn ""A""";40;39;49;39;;;;;;;;;;;;;;;;;;;
BubenÌk;Ji¯Ì;Cykloservis MB;42;34;56;33;;;;;;;;;;;;;;;;;;;
Krhut;Jan;TJ Favorit Brno;50;48;65;0;;;;;;;;;;;;;;;;;;;
DuûÌk;Josef;A Bike Club Ostrava;48;46;0;44;;;;;;;;;;;;;;;;;;;
KoneËn˝; Dalibor;A Bike Club Ostrava;38;0;54;38;;;;;;;;;;;;;;;;;;;
äkoda;Kristi·n;CK Continental Frenöt·t p.R.  1;0;40;52;37;;;;;;;;;;;;;;;;;;;
Hradil;Michal;FORCE KCK CYKLOTEAM ZLÕN;0;38;50;40;;;;;;;;;;;;;;;;;;;
Matula;Luk·ö;FORCE KCK CYKLOTEAM ZLÕN;60;55;0;0;;;;;;;;;;;;;;;;;;;
»ern˝;Viktor;YOGI Racing Ostrava 2;39;42;0;27;;;;;;;;;;;;;;;;;;;
LANT;AntonÌn;TEAM FORMAN CINELI;55;0;0;46;;;;;;;;;;;;;;;;;;;
Fierla;Jan;CK Feso Pet¯vald;33;37;0;30;;;;;;;;;;;;;;;;;;;
Fierla;Ond¯ej;Team Forman Cinelli;44;0;0;48;;;;;;;;;;;;;;;;;;;
PavlÌk;Petr;"Racing Oleön· ""A""";0;35;48;0;;;;;;;;;;;;;;;;;;;
ämedek;Josef;SILVINI CYCLING TEAM;30;0;47;0;;;;;;;;;;;;;;;;;;;
Hovorka;Ond¯ej;A Bike Club Ostrava;32;36;0;0;;;;;;;;;;;;;;;;;;;
URB¡äEK;Jan;EX 23 SARONI FACTORY TEAM;0;0;0;60;;;;;;;;;;;;;;;;;;;
BESTWINA;Michal;;0;0;58;0;;;;;;;;;;;;;;;;;;;
BROKEä;Rostislav;TEAM FORMAN CINELI;0;0;0;55;;;;;;;;;;;;;;;;;;;
Z·ruba;Petr;ACK Star· Ves nad Ond¯ejnicÌ;0;50;0;0;;;;;;;;;;;;;;;;;;;
PREJDA;V·clav;TEAM FORMAN CINELI;0;0;0;42;;;;;;;;;;;;;;;;;;;
Wala;Jan;Ex 23 Saroni Factory Team;37;0;0;0;;;;;;;;;;;;;;;;;;;
éeravÌk;VojtÏch;TJ Sigma Hranice;0;0;0;36;;;;;;;;;;;;;;;;;;;
Grego¯ica;Rene;Erholung Triatlon Team;35;0;0;0;;;;;;;;;;;;;;;;;;;
HRACHOVINA;Eduard;TEAM FORMAN CINELI;0;0;0;34;;;;;;;;;;;;;;;;;;;
Kubica;Piotr;;34;0;0;0;;;;;;;;;;;;;;;;;;;
Nov·k;Patrik;Quint bike;0;0;0;32;;;;;;;;;;;;;;;;;;;
Chmel;Michal;Superior riders;0;0;0;31;;;;;;;;;;;;;;;;;;;
Pech;David;TuËÚ·ËÌ Tandem;31;0;0;0;;;;;;;;;;;;;;;;;;;
Grepl;Radim;"CK KolÌk Hobby BohumÌn ""B""";29;0;0;0;;;;;;;;;;;;;;;;;;;
H·jek;Adam;Quintbike;0;0;0;29;;;;;;;;;;;;;;;;;;;
H¯ivÚack˝;Marek;Quint bike;0;0;0;28;;;;;;;;;;;;;;;;;;;
;;;;;;;;;;;;;;;;;;;;;;;;;
»asovka B;3;;;;;VC;;;;;;;;;;;;;;;;;;;
p¯ÌjmenÌ;jmÈno;klub;Boh»as;ArcMit;Stonava;Ëas.;;;;;;;;;;;;;;;;;;;
GalatÌk;Roman;CK Continental Frenöt·t p.R.  1;55;55;65;60;;;;;;;;;;;;;;;;;;;
äv·b;Miroslav;CYCLING BRNO BAGBIKE;60;60;70;0;;;;;;;;;;;;;;;;;;;
Kvapulinsk˝;Martin;A Bike Club Ostrava;44;46;54;40;;;;;;;;;;;;;;;;;;;
Folt˝n;Ji¯Ì;"CK KolÌk Hobby BohumÌn ""A""";46;38;49;39;;;;;;;;;;;;;;;;;;;
Mitrenga;Petr;"SkvÏl· kola-TJ Té T¯inec ""A""";36;44;46;42;;;;;;;;;;;;;;;;;;;
Hlawiczka;Martin;"SkvÏl· kola-TJ Té T¯inec ""A""";38;39;44;36;;;;;;;;;;;;;;;;;;;
Pietrzyk;Vratislav;"SkvÏl· kola-TJ Té T¯inec ""A""";50;48;58;0;;;;;;;;;;;;;;;;;;;
Holona;Martin;HPEL TEAM;40;36;42;37;;;;;;;;;;;;;;;;;;;
Bab·n;Marcel;Cykloservis MB;48;42;48;0;;;;;;;;;;;;;;;;;;;
Fryc;Bohdan;A Bike Club Ostrava;31;33;41;25;;;;;;;;;;;;;;;;;;;
Motyka;Patrik;A Bike Club Ostrava;28;34;37;30;;;;;;;;;;;;;;;;;;;
JureËka;Roman;CK Continental Frenöt·t p.R.  1;37;37;50;0;;;;;;;;;;;;;;;;;;;
Bollo;Roman;YOGI Racing Ostrava 2;32;0;47;35;;;;;;;;;;;;;;;;;;;
Wrzyna;Rafal;Jafisport bike team;0;50;56;0;;;;;;;;;;;;;;;;;;;
Vr·bel;David;SK MAXBIKE Ostrava;30;30;39;0;;;;;;;;;;;;;;;;;;;
KoneËn˝;Luk·ö;CK Vlastibor KoneËn˝;0;0;52;46;;;;;;;;;;;;;;;;;;;
SWACZYNA;Petr;CK Feso Pet¯vald;42;0;0;55;;;;;;;;;;;;;;;;;;;
Gruchala;VojtÏch;TK Ostrava;0;32;38;24;;;;;;;;;;;;;;;;;;;
Chamr·d;Ji¯Ì;;0;40;0;38;;;;;;;;;;;;;;;;;;;
œurica;Ji¯Ì;;29;28;0;19;;;;;;;;;;;;;;;;;;;
Dohnal;Tom·ö;Cyklokramo Suchdol nad Odrou;34;0;40;0;;;;;;;;;;;;;;;;;;;
SlavÌk;Ji¯Ì;FORCE KCK CYKLOTEAM ZLÕN;0;0;45;29;;;;;;;;;;;;;;;;;;;
Mat·k;Andrej;Cykloklub Kysuce A;35;35;0;0;;;;;;;;;;;;;;;;;;;
MalÌk;Roman;Racing Oleön·;39;27;0;0;;;;;;;;;;;;;;;;;;;
ämÌd;Robert;CYCLING BRNO BAGBIKE;0;0;60;0;;;;;;;;;;;;;;;;;;;
»ER;Tom·ö;BikeStyle.cz;0;0;0;50;;;;;;;;;;;;;;;;;;;
HudeËek;Petr;Forman Cinnelli;0;0;0;48;;;;;;;;;;;;;;;;;;;
Pet¯Ìk;ZdenÏk;Cyklistika pro vöechny Krnov;0;0;0;44;;;;;;;;;;;;;;;;;;;
Hajewski;Tomasz;trenujtriathlon.pl;0;0;43;0;;;;;;;;;;;;;;;;;;;
JureËka;Petr;;0;0;36;0;;;;;;;;;;;;;;;;;;;
Javorek;Petr;www.masazprozeny.cz;0;0;0;34;;;;;;;;;;;;;;;;;;;
Androsz;Michal;"CK KolÌk Hobby BohumÌn ""B""";33;0;0;0;;;;;;;;;;;;;;;;;;;
RuËka;Richard;UCJH;0;0;0;33;;;;;;;;;;;;;;;;;;;
Heinrich;Luk·ö;BIKESTYLE.CZ;0;0;0;32;;;;;;;;;;;;;;;;;;;
Nowok;Michal;Jafisport bike team;0;31;0;0;;;;;;;;;;;;;;;;;;;
UCHYTIL;Martin;UherskÈ HradiötÏ;0;0;0;31;;;;;;;;;;;;;;;;;;;
Kitlowski;Piotr;Jafisport bike team;0;29;0;0;;;;;;;;;;;;;;;;;;;
Chud˝;Jan;;0;0;0;28;;;;;;;;;;;;;;;;;;;
Grygiel;Pavel;;27;0;0;0;;;;;;;;;;;;;;;;;;;
TomeËek;LubomÌr;;0;0;0;27;;;;;;;;;;;;;;;;;;;
Grigorescu;Lubor;Roûnov;0;0;0;26;;;;;;;;;;;;;;;;;;;
KOPECK›;Tom·ö;ZHOR Team;0;0;0;23;;;;;;;;;;;;;;;;;;;
Hendrych;David;BIKESTYLE.CZ;0;0;0;22;;;;;;;;;;;;;;;;;;;
StanÏk;Pavel;Cyklosport P¯ikryl Star· Ves n. Ond¯ejnicÌ;0;0;0;21;;;;;;;;;;;;;;;;;;;
KARMELITA;Tom·ö;Loko Krnov;0;0;0;20;;;;;;;;;;;;;;;;;;;
Novotn˝;Ji¯Ì;Team Forman Cinelli;0;0;0;18;;;;;;;;;;;;;;;;;;;
;;;;;;;;;;;;;;;;;;;;;;;;;
»asovka C;3;;;;;VC;;;;;;;;;;;;;;;;;;;
p¯ÌjmenÌ;jmÈno;klub;Boh»as;ArcMit;Stonava;Ëas.;;;;;;;;;;;;;;;;;;;
Odv·rka;Ivo;FORCE KCK CYKLOTEAM ZLÕN;48;60;60;55;;;;;;;;;;;;;;;;;;;
Kl·öterka;Tom·ö;CK Continental Frenöt·t p.R.  1;42;50;65;60;;;;;;;;;;;;;;;;;;;
Kokeö;Pavel;SK ValaöskÈho kr·lovstvÌ;50;55;56;50;;;;;;;;;;;;;;;;;;;
Galuöka;Tom·ö;CK Continental Frenöt·t p.R.  1;46;40;54;46;;;;;;;;;;;;;;;;;;;
Machotka;Karel;YOGI Racing Ostrava 1;60;48;70;0;;;;;;;;;;;;;;;;;;;
Blahut;Radek;SK MAXBIKE Ostrava;37;39;52;44;;;;;;;;;;;;;;;;;;;
VodiËka;V·clav;CYCLING BRNO BAGBIKE;55;46;58;0;;;;;;;;;;;;;;;;;;;
»erven˝;Luk·ö;Cykloservis MB;36;38;44;40;;;;;;;;;;;;;;;;;;;
Buchal;Ivo;"Racing Oleön· ""A""";44;33;40;37;;;;;;;;;;;;;;;;;;;
Majtner;Petr;"SkvÏl· kola-TJ Té T¯inec ""A""";34;34;47;32;;;;;;;;;;;;;;;;;;;
Jaroö;Martin;Racing Oleön· ÑBì;38;28;41;38;;;;;;;;;;;;;;;;;;;
Schnerch;Martin;"SkvÏl· kola-TJ Té T¯inec ""A""";35;24;43;29;;;;;;;;;;;;;;;;;;;
Pytel;JaromÌr;CYCLING BRNO BAGBIKE;40;42;48;0;;;;;;;;;;;;;;;;;;;
Lysek;VladimÌr;CK Continental Frenöt·t p.R.  2;39;36;50;0;;;;;;;;;;;;;;;;;;;
Boszczyk;Norbert;"SkvÏl· kola-TJ Té T¯inec ""A""";0;32;42;36;;;;;;;;;;;;;;;;;;;
Nov·k;Milan;XXX Bike Club;0;31;45;33;;;;;;;;;;;;;;;;;;;
Fierla;Jan;CK Feso Pet¯vald;29;0;38;31;;;;;;;;;;;;;;;;;;;
äimeËek;Radim;Profily Midar P¯Ìbor;31;26;39;0;;;;;;;;;;;;;;;;;;;
Wilhelm;Jaroslav;"CK KolÌk Hobby BohumÌn ""A""";32;27;0;35;;;;;;;;;;;;;;;;;;;
Ad·mek;Luk·ö;CK Feso Pet¯vald;0;44;0;48;;;;;;;;;;;;;;;;;;;
ONDERKA;Milan;Yogi Racing Ostrava I.;0;35;46;0;;;;;;;;;;;;;;;;;;;
Kaiser;ZdenÏk;A Bike Club Ostrava;28;22;0;28;;;;;;;;;;;;;;;;;;;
Gierc;David;;27;23;0;27;;;;;;;;;;;;;;;;;;;
Kolorz;Mariusz;"CK KolÌk Hobby BohumÌn ""A""";33;30;0;0;;;;;;;;;;;;;;;;;;;
Kubala;Janusz;Cykloservis MB;0;0;49;0;;;;;;;;;;;;;;;;;;;
äVEHLA;Miloslav;Bike Sport Opava;0;0;0;42;;;;;;;;;;;;;;;;;;;
Swaczyna;Patrik;CK Feso Pet¯vald;0;0;0;39;;;;;;;;;;;;;;;;;;;
Anderko;Karol;Jafisport bike team;0;37;0;0;;;;;;;;;;;;;;;;;;;
äimurda;Roman;Team inTrener 2012;0;0;37;;;;;;;;;;;;;;;;;;;;
Sieja;Ji¯Ì;YOGI Racing Ostrava 2;0;0;36;0;;;;;;;;;;;;;;;;;;;
Carbol;Petr;TJ BanÌk Karvin·;0;0;35;;;;;;;;;;;;;;;;;;;;
Kol·Ëek;Petr;CK Feso Pet¯vald;0;0;0;34;;;;;;;;;;;;;;;;;;;
Binar;Petr;éDB;30;0;0;0;;;;;;;;;;;;;;;;;;;
Franta;Roman;"Racing Oleön· ""A""";0;0;0;30;;;;;;;;;;;;;;;;;;;
Guziur;Dalibor;Racing Oleön·;0;29;0;0;;;;;;;;;;;;;;;;;;;
Kar·sek;Ji¯Ì;Racing Oleön· B;0;0;0;26;;;;;;;;;;;;;;;;;;;
Dohnal;Blahoslav;Cyklistika pro vöechny Krnov;0;25;0;0;;;;;;;;;;;;;;;;;;;
Jakeö;Ji¯Ì;;0;21;0;0;;;;;;;;;;;;;;;;;;;
»ern˝;VladimÌr;;0;20;0;0;;;;;;;;;;;;;;;;;;;
;;;;;;;;;;;;;;;;;;;;;;;;;
»asovka D;3;;;;;VC;;;;;;;;;;;;;;;;;;;
p¯ÌjmenÌ;jmÈno;klub;Boh»as;ArcMit;Stonava;Ëas.;;;;;;;;;;;;;;;;;;;
Pelc;Ladislav;CK Continental Frenöt·t p.R.  1;60;55;70;55;;;;;;;;;;;;;;;;;;;
Beneö;Petr;YOGI Racing Ostrava 1;48;50;56;60;;;;;;;;;;;;;;;;;;;
DaÚhel;MojmÌr;Cyklistika pro vöechny Krnov;40;46;54;40;;;;;;;;;;;;;;;;;;;
Slez·k;Josef;FORCE KCK CYKLOTEAM ZLÕN;50;60;65;0;;;;;;;;;;;;;;;;;;;
Satinsk˝;Alexandr;YOGI Racing Ostrava 1;37;39;47;39;;;;;;;;;;;;;;;;;;;
HlavatÌk;Ladislav;"Racing Oleön· ""A""";36;34;43;35;;;;;;;;;;;;;;;;;;;
Sk¯eËek;Robert;CYCLING BRNO BAGBIKE;39;0;60;44;;;;;;;;;;;;;;;;;;;
änajder;Roman;Racing Oleön· ÑAì;0;44;49;48;;;;;;;;;;;;;;;;;;;
Kont˙r;Milan;SK ValaöskÈho kr·lovstvÌ;34;35;40;29;;;;;;;;;;;;;;;;;;;
M¸ck;Arnoöt;2K-BIKE CLUB Odry;0;42;50;46;;;;;;;;;;;;;;;;;;;
Schneider;Rudolf;CK Continental Frenöt·t p.R.  2;32;37;39;24;;;;;;;;;;;;;;;;;;;
Jakl;Ji¯Ì;Triatlon klub Ostrava;31;32;37;30;;;;;;;;;;;;;;;;;;;
ävantner;Bohuslav;Racing Oleön· ÑBì;0;38;46;38;;;;;;;;;;;;;;;;;;;
PavlÌk;Petr;"Racing Oleön· ""B""";30;29;35;27;;;;;;;;;;;;;;;;;;;
Praski;Henryk;"CK KolÌk Hobby BohumÌn ""B""";38;40;41;0;;;;;;;;;;;;;;;;;;;
Niemczyk;Jan;;27;24;36;28;;;;;;;;;;;;;;;;;;;
SEKERKA; Karel;CYCLO RACING;55;0;58;0;;;;;;;;;;;;;;;;;;;
Chmura;Petr;Team Forman Cinelli;0;33;42;32;;;;;;;;;;;;;;;;;;;
AdamËÌk;Miroslav;Cyklokramo Suchdol nad Odrou;0;0;52;50;;;;;;;;;;;;;;;;;;;
Motyka;Tom·ö;A Bike Club Ostrava;35;0;32;34;;;;;;;;;;;;;;;;;;;
Andrzejewski;Andrzej;;0;31;38;26;;;;;;;;;;;;;;;;;;;
WÌdenka;Aleö;KolÌk Kobby B;46;0;45;0;;;;;;;;;;;;;;;;;;;
Kaszuba;Miroslav;"CK KolÌk Hobby BohumÌn ""B""";42;48;0;0;;;;;;;;;;;;;;;;;;;
HrazdÌlek;Alois;Renokov team;28;28;29;0;;;;;;;;;;;;;;;;;;;
Vyoral;LubomÌr;"CK KolÌk Hobby BohumÌn ""B""";0;26;34;23;;;;;;;;;;;;;;;;;;;
KoneËn˝;Pavel;"CK KolÌk Hobby BohumÌn ""A""";33;0;0;37;;;;;;;;;;;;;;;;;;;
Krupa ;LubomÌr;LUBICI;0;36;0;33;;;;;;;;;;;;;;;;;;;
JANKOWSKI;ALEKSANDER;DAR-BUD TEAM;26;30;0;0;;;;;;;;;;;;;;;;;;;
Mrozek;Ji¯Ì;"CK KolÌk Hobby BohumÌn ""B""";25;0;31;0;;;;;;;;;;;;;;;;;;;
äkarka;Ji¯Ì;"CK KolÌk Hobby BohumÌn ""B""";29;27;0;0;;;;;;;;;;;;;;;;;;;
Schichel;Tom·ö;YOGI Racing Ostrava 2;24;25;0;0;;;;;;;;;;;;;;;;;;;
ZvonÌËek;RadomÌr;FORCE KCK CYKLOTEAM ZLÕN;0;0;48;0;;;;;;;;;;;;;;;;;;;
Baran;Petr;CYCLING BRNO BAGBIKE;44;0;0;0;;;;;;;;;;;;;;;;;;;
Kop¯iva;Miroslav;CK Continental Frenöt·t p.R.  2;0;0;44;0;;;;;;;;;;;;;;;;;;;
MÕ»EK; Old¯ich;TJ Sigma Hranice;0;0;0;42;;;;;;;;;;;;;;;;;;;
MiËko;Jan;CK Feso Pet¯vald;0;0;0;36;;;;;;;;;;;;;;;;;;;
Holeö;Ji¯Ì;"CK KolÌk Hobby BohumÌn ""A""";0;0;33;0;;;;;;;;;;;;;;;;;;;
Myn·¯;Jura;MTB Ond¯ejnÌk;0;0;0;31;;;;;;;;;;;;;;;;;;;
Si¯inek;Aleö;SK Bagbike Rubing Ostrava;0;0;30;;;;;;;;;;;;;;;;;;;;
OböivaË;V·clav;MTB Ond¯ejnÌk;0;0;0;25;;;;;;;;;;;;;;;;;;;
;;;;;;;;;;;;;;;;;;;;;;;;;
»asovka E;3;;;;;VC;;;;;;;;;;;;;;;;;;;
p¯ÌjmenÌ;jmÈno;klub;Boh»as;ArcMit;Stonava;Ëas.;;;;;;;;;;;;;;;;;;;
Zdanowicz;Marek;;50;48;65;48;;;;;;;;;;;;;;;;;;;
PavlÌk;Ji¯Ì;CK Continental Frenöt·t p.R.  2;60;50;48;44;;;;;;;;;;;;;;;;;;;
Teönar;Tom·ö;YOGI Racing Ostrava 1;46;46;52;40;;;;;;;;;;;;;;;;;;;
Mottl;BohumÌr;"CK KolÌk Hobby BohumÌn ""A""";44;42;49;42;;;;;;;;;;;;;;;;;;;
Ertel;Ji¯Ì;Novatop Lapierre;42;38;50;39;;;;;;;;;;;;;;;;;;;
Leszczynski;Xaverery;KolÌk Kobby C;55;55;58;0;;;;;;;;;;;;;;;;;;;
Vesel˝;Petr;"SkvÏl· kola-TJ Té T¯inec  ""B""";37;40;44;37;;;;;;;;;;;;;;;;;;;
Dubn˝;Pavel;Cyklokramo Suchdol nad Odrou;38;36;41;35;;;;;;;;;;;;;;;;;;;
DanÏËek;Pavel;Cyklistika pro vöechny Krnov;48;0;54;46;;;;;;;;;;;;;;;;;;;
PÏg¯imek;Milan;CK OrlÌk Orlov·;33;37;40;36;;;;;;;;;;;;;;;;;;;
Savka;Miroslav;CK OrlÌk Orlov·;34;33;42;33;;;;;;;;;;;;;;;;;;;
Homola;Petr;YOGI Racing Ostrava 2;32;32;39;32;;;;;;;;;;;;;;;;;;;
Masn˝;Milan;"Racing Oleön· ""A""";0;0;70;55;;;;;;;;;;;;;;;;;;;
Bluszcz;Stefan;Lowell Pro äafrata Team BohumÌn;39;0;45;38;;;;;;;;;;;;;;;;;;;
BuËek;Michal;Racing Oleön· ÑAì;0;60;0;60;;;;;;;;;;;;;;;;;;;
Zem·nek;LubomÌr;2K-BIKE CLUB Odry;0;0;60;50;;;;;;;;;;;;;;;;;;;
Mrn˘ötÌk;Josef;Cyklotech-Pro a Mrn˘ötÌk;35;34;38;0;;;;;;;;;;;;;;;;;;;
PekarËÌk;Ji¯Ì;Cyklokramo Suchdol nad Odrou;40;31;0;34;;;;;;;;;;;;;;;;;;;
B·rta;Miroslav;SK Bagbike Rubing;0;44;56;0;;;;;;;;;;;;;;;;;;;
Pilecki;Stanislav;Cykloservis MB;0;35;47;0;;;;;;;;;;;;;;;;;;;
Misina;Andrzej;ACK Star· Ves nad Ond¯ejnicÌ;36;39;0;0;;;;;;;;;;;;;;;;;;;
Glogar;Jan;YOGI Racing Ostrava 2;31;0;37;0;;;;;;;;;;;;;;;;;;;
Muöka;Josef;CK Feso Pet¯vald;0;0;46;0;;;;;;;;;;;;;;;;;;;
KubÌk;Josef;"CK KolÌk Hobby BohumÌn ""B""";0;0;43;0;;;;;;;;;;;;;;;;;;;
Macura;Jan;CK HavÌ¯ov;0;0;36;0;;;;;;;;;;;;;;;;;;;
Mrakvia;ZdenÏk;"SkvÏl· kola-TJ Té T¯inec ""B""";30;0;0;0;;;;;;;;;;;;;;;;;;;
Rechtenberg;Karel;Fr˝dlant n. O.;0;30;0;0;;;;;;;;;;;;;;;;;;;
;;;;;;;;;;;;;;;;;;;;;;;;;
»asovka é;3;;;;;VC;;;;;;;;;;;;;;;;;;;
p¯ÌjmenÌ;jmÈno;klub;Boh»as;ArcMit;Stonava;Ëas.;;;;;;;;;;;;;;;;;;;
Jaklov·;Ivana;Lowell Pro äafrata Team BohumÌn;55;60;65;44;;;;;;;;;;;;;;;;;;;
Chmurov·;Jana;Team Forman Cinelli;44;48;60;40;;;;;;;;;;;;;;;;;;;
Lantov·;Romana;Cyklistika pro vöechny Krnov;40;40;54;37;;;;;;;;;;;;;;;;;;;
DanÏËkov·;Romana;Cyklistika pro vöechny Krnov;50;0;56;42;;;;;;;;;;;;;;;;;;;
PYTLOV¡; MarkÈta;SK Bag Bike;42;42;52;0;;;;;;;;;;;;;;;;;;;
Lantov·;Romana ml.;Cyklistika pro vöechny Krnov;48;0;48;38;;;;;;;;;;;;;;;;;;;
Bartoöov·;Denisa;"CK KolÌk Hobby BohumÌn ""A""";60;0;0;50;;;;;;;;;;;;;;;;;;;
TrËkov·;Daniela;TJ Kovo Praha;0;0;58;46;;;;;;;;;;;;;;;;;;;
MUDÿÕKOV¡; Kate¯ina;CK Feso Pet¯vald;46;0;0;48;;;;;;;;;;;;;;;;;;;
PargaËov·;Marcela;Cyklokramo Suchdol nad Odrou;0;46;0;39;;;;;;;;;;;;;;;;;;;
Klekot;Martyna;Unipol Czestochowa;0;0;70;0;;;;;;;;;;;;;;;;;;;
Bajgerov·;Nikola;KC Kooperativa SG Jablonec;0;0;0;60;;;;;;;;;;;;;;;;;;;
Dohnalov·;Jaroslava;Cyklistika pro vöechny Krnov;0;55;0;0;;;;;;;;;;;;;;;;;;;
Kotalov·;Veronika;TJ UniËov;0;0;0;55;;;;;;;;;;;;;;;;;;;
OLIVOV¡;Alexandra;Bike 2000;0;50;0;0;;;;;;;;;;;;;;;;;;;
Proch·zkov·;Kate¯ina;DolËa cyklo;0;0;50;0;;;;;;;;;;;;;;;;;;;
VavreËkov·;Lenka;TJ BanÌk Karvin·;0;0;49;0;;;;;;;;;;;;;;;;;;;
Hlawiczkov·;Alena;SkvÏl· kola-TJ Té T¯inec;0;0;47;0;;;;;;;;;;;;;;;;;;;
»urov·;Kate¯ina;;0;44;0;0;;;;;;;;;;;;;;;;;;;
Halmov·;Eva;CK OrlÌk Orlov·;0;39;0;0;;;;;;;;;;;;;;;;;;;
Krzyûankov·;Lenka;"SkvÏl· kola-TJ Té T¯inec ""A""";0;0;0;36;;;;;;;;;;;;;;;;;;;
;;;;;;;;;;;;;;;;;;;;;;;;;
»asovka M;3;;;;;VC;;;;;;;;;;;;;;;;;;;
p¯ÌjmenÌ;jmÈno;klub;Boh»as;ArcMit;Stonava;Ëas.;;;;;;;;;;;;;;;;;;;
Schichel;Jakub;YOGI Racing Ostrava 1;50;60;65;50;;;;;;;;;;;;;;;;;;;
Pol·Ëik;Martin;CK Continental Frenöt·t p.R.  1;55;50;70;48;;;;;;;;;;;;;;;;;;;
Haladus;Szymon;Cyklistika pro vöechny Krnov;60;55;58;44;;;;;;;;;;;;;;;;;;;
Haöek;Daniel;SK Bag Bike;48;0;52;0;;;;;;;;;;;;;;;;;;;
KRESTA;Jan;SK Ji¯Ì team Ostrava;0;0;60;0;;;;;;;;;;;;;;;;;;;
Trachtulec;Petr;CK Feso Pet¯vald;0;0;0;60;;;;;;;;;;;;;;;;;;;
Svaczyna;Tom·ö;CK FESO Pet¯vald;0;0;56;;;;;;;;;;;;;;;;;;;;
JARMA;Ctirad;CykloTeam Kol·rna;0;0;0;55;;;;;;;;;;;;;;;;;;;
Vall;Jan;SK Maxbike Ostrava;0;0;54;0;;;;;;;;;;;;;;;;;;;
Hlawiczka;David;SkvÏl· kola-TJ Té T¯inec;0;0;50;0;;;;;;;;;;;;;;;;;;;
MÌËek;Old¯ich;TJ Sigma Hranice;0;0;0;46;;;;;;;;;;;;;;;;;;;
Krupa;Luboö;LubÌci;0;0;0;42;;;;;;;;;;;;;;;;;;;
;;;;;;;;;;;;;;;;;;;;;;;;;
Sprinter A;3;;;;;VC;;;;;;;;;;;;;;;;;;;
p¯ÌjmenÌ;jmÈno;klub;StVes;MJV;Paskov;VC2;;;;;;;;;;;;;;;;;;;
Hradil;Michal;FORCE KCK CYKLOTEAM ZLÕN;34;50;34;34;;;;;;;;;;;;;;;;;;;
!!! URB¡äEK;Jan;EX 23 SARONI FACTORY TEAM;42;0;60;50;;;;;;;;;;;;;;;;;;;
DuûÌk;Josef;A Bike Club Ostrava;0;60;36;55;;;;;;;;;;;;;;;;;;;
Fierla;Ond¯ej;Team Forman Cinelli;55;0;48;38;;;;;;;;;;;;;;;;;;;
BROKEä;Rostislav;TEAM FORMAN CINELI;50;0;0;60;;;;;;;;;;;;;;;;;;;
BITTNER;Jakub;In Life Cycling Team;0;55;50;0;;;;;;;;;;;;;;;;;;;
»ern˝;Viktor;YOGI Racing Ostrava 2;0;0;44;48;;;;;;;;;;;;;;;;;;;
Matula;Luk·ö;FORCE KCK CYKLOTEAM ZLÕN;46;0;42;0;;;;;;;;;;;;;;;;;;;
Byrtus;Luk·ö;"SkvÏl· kola-TJ Té T¯inec ""A""";0;0;35;46;;;;;;;;;;;;;;;;;;;
Kusidlo;Mariusz;"CK KolÌk Hobby BohumÌn ""A""";40;0;0;39;;;;;;;;;;;;;;;;;;;
PREJDA;V·clav;TEAM FORMAN CINELI;0;0;40;37;;;;;;;;;;;;;;;;;;;
éeravÌk;VojtÏch;TJ Sigma Hranice;0;0;32;40;;;;;;;;;;;;;;;;;;;
Z·ruba;Petr;ACK Star· Ves nad Ond¯ejnicÌ;37;0;33;0;;;;;;;;;;;;;;;;;;;
Chmel;Michal;Superior riders;0;37;0;30;;;;;;;;;;;;;;;;;;;
Mal·tek ;VojtÏch;CK OrlÌk Orlov·;0;35;29;;;;;;;;;;;;;;;;;;;;
»ER;Tom·ö;Bikestyle.cz;60;0;0;0;;;;;;;;;;;;;;;;;;;
Hradil;Ji¯Ì;FORCE KCK CYKLOTEAM ZLÕN;0;0;55;0;;;;;;;;;;;;;;;;;;;
Hampl;Petr;TJ Favorit Brno;48;0;0;0;;;;;;;;;;;;;;;;;;;
Krhut;Jan;TJ Favorit Brno;0;48;0;0;;;;;;;;;;;;;;;;;;;
Krhut;Martin;CYCLING BRNO BAGBIKE;0;46;0;0;;;;;;;;;;;;;;;;;;;
Petruö;Ji¯Ì;Puskinak.cz;0;0;46;0;;;;;;;;;;;;;;;;;;;
Bellan ;Juraj;Firefly;44;0;0;0;;;;;;;;;;;;;;;;;;;
Kalita;Tom·ö;Mike Bike;0;44;0;0;;;;;;;;;;;;;;;;;;;
KoneËn˝; Dalibor;A Bike Club Ostrava;0;0;0;44;;;;;;;;;;;;;;;;;;;
PAPULA;Luk·ö;EX 23 SARONI FACTORY TEAM;0;42;0;0;;;;;;;;;;;;;;;;;;;
äkoda;Kristi·n;CK Continental Frenöt·t p.R.  1;0;0;0;42;;;;;;;;;;;;;;;;;;;
VL»EK;Pavel;IN-LIFE CYCLIG TEAM;0;40;0;0;;;;;;;;;;;;;;;;;;;
Klos;Viktor;Bag Bike-Rubing;39;0;0;0;;;;;;;;;;;;;;;;;;;
Motyka;Adam;A Bike Club Ostrava;0;39;0;0;;;;;;;;;;;;;;;;;;;
Tomek;Josef;Denzel CLIFF Wien;0;0;39;0;;;;;;;;;;;;;;;;;;;
BÿEZINA;Tom·ö;IN-LIFE CYCLIG TEAM;0;38;0;0;;;;;;;;;;;;;;;;;;;
KOéUäNÕK;Adam;SKC Tufo ProstÏjov;0;0;38;;;;;;;;;;;;;;;;;;;;
MiËuda;Simon;Firefly;38;0;0;0;;;;;;;;;;;;;;;;;;;
ätep·nik;Ji¯Ì;;0;0;37;;;;;;;;;;;;;;;;;;;;
Ganc;Marek;Firefly;36;0;0;0;;;;;;;;;;;;;;;;;;;
HRACHOVINA;Eduard;TEAM FORMAN CINELI;0;0;0;36;;;;;;;;;;;;;;;;;;;
Kraus;Dariusz;Dar-Bud Team;0;36;0;0;;;;;;;;;;;;;;;;;;;
Alickun;Eduard;Czernica;0;0;0;35;;;;;;;;;;;;;;;;;;;
Janoöek;Tom·ö;ACK Star· Ves nad Ond¯ejnicÌ;35;0;0;0;;;;;;;;;;;;;;;;;;;
Kubica;Piotr;;0;34;0;0;;;;;;;;;;;;;;;;;;;
Fierla;Jan;CK Feso Pet¯vald;0;0;0;33;;;;;;;;;;;;;;;;;;;
BubenÌk;Ji¯Ì;Cykloservis MB;0;0;0;32;;;;;;;;;;;;;;;;;;;
LANT;AntonÌn;TEAM FORMAN CINELI;0;0;0;31;;;;;;;;;;;;;;;;;;;
Stola¯Ìk;Tom·ö;Lowell Pro äafrata Team BohumÌn;0;0;31;0;;;;;;;;;;;;;;;;;;;
PavlÌk;Petr;"Racing Oleön· ""A""";0;0;30;0;;;;;;;;;;;;;;;;;;;
;;;;;;;;;;;;;;;;;;;;;;;;;
Sprinter B;3;;;;;VC;;;;;;;;;;;;;;;;;;;
p¯ÌjmenÌ;jmÈno;klub;StVes;MJV;Paskov;VC2;;;;;;;;;;;;;;;;;;;
Javorek;Petr;www.masazprozeny.cz;55;46;60;36;;;;;;;;;;;;;;;;;;;
GalatÌk;Roman;CK Continental Frenöt·t p.R.  1;0;60;55;60;;;;;;;;;;;;;;;;;;;
Chamr·d;Ji¯Ì;;50;33;40;38;;;;;;;;;;;;;;;;;;;
Hlawiczka;Martin;"SkvÏl· kola-TJ Té T¯inec ""A""";46;31;46;33;;;;;;;;;;;;;;;;;;;
Heinrich;Luk·ö;BIKESTYLE.CZ;60;48;0;37;;;;;;;;;;;;;;;;;;;
Mitrenga;Petr;"SkvÏl· kola-TJ Té T¯inec ""A""";0;38;48;48;;;;;;;;;;;;;;;;;;;
Motyka;Patrik;A Bike Club Ostrava;0;28;42;42;;;;;;;;;;;;;;;;;;;
SlavÌk;Ji¯Ì;FORCE KCK CYKLOTEAM ZLÕN;0;32;44;34;;;;;;;;;;;;;;;;;;;
Folt˝n;Ji¯Ì;"CK KolÌk Hobby BohumÌn ""A""";44;24;0;26;;;;;;;;;;;;;;;;;;;
Wrzyna;Rafal;Jafisport bike team;0;44;50;0;;;;;;;;;;;;;;;;;;;
KoneËn˝;Luk·ö;CK Vlastibor KoneËn˝;0;39;0;44;;;;;;;;;;;;;;;;;;;
»ER;Tom·ö;BikeStyle.cz;0;50;0;32;;;;;;;;;;;;;;;;;;;
JureËka;Roman;CK Continental Frenöt·t p.R.  1;40;0;39;0;;;;;;;;;;;;;;;;;;;
œurica;Ji¯Ì;;0;23;35;19;;;;;;;;;;;;;;;;;;;
Kvapulinsk˝;Martin;A Bike Club Ostrava;0;42;0;35;;;;;;;;;;;;;;;;;;;
Holona;Martin;HPEL TEAM;0;30;0;39;;;;;;;;;;;;;;;;;;;
Bollo;Roman;YOGI Racing Ostrava 2;0;0;38;30;;;;;;;;;;;;;;;;;;;
Fryc;Bohdan;A Bike Club Ostrava;0;0;36;28;;;;;;;;;;;;;;;;;;;
Chud˝;Jan;;0;0;37;22;;;;;;;;;;;;;;;;;;;
Sekta;Rafal;JAFISPORT BIKE TEAM;0;55;0;;;;;;;;;;;;;;;;;;;;
SWACZYNA;Petr;CK Feso Pet¯vald;0;0;0;55;;;;;;;;;;;;;;;;;;;
HudeËek;Petr;Forman Cinnelli;0;0;0;50;;;;;;;;;;;;;;;;;;;
Hendrych;David;BIKESTYLE.CZ;0;25;0;23;;;;;;;;;;;;;;;;;;;
äenke¯Ìk;Jan;FORCE KCK CYKLOTEAM ZLÕN;48;0;0;0;;;;;;;;;;;;;;;;;;;
Grigorescu;Lubor;Roûnov;0;0;0;46;;;;;;;;;;;;;;;;;;;
Kwiecieny;Adam;;42;0;0;0;;;;;;;;;;;;;;;;;;;
Novotn˝;Ji¯Ì;Team Forman Cinelli;0;22;0;18;;;;;;;;;;;;;;;;;;;
Pet¯Ìk;ZdenÏk;Cyklistika pro vöechny Krnov;0;0;0;40;;;;;;;;;;;;;;;;;;;
Sekanina;Petr;LOKO KROV;0;40;0;0;;;;;;;;;;;;;;;;;;;
Przieliorz;Pawel;"CK KolÌk Hobby BohumÌn ""A""";39;0;0;0;;;;;;;;;;;;;;;;;;;
Wyszynsky;Daruiusz;;38;0;0;0;;;;;;;;;;;;;;;;;;;
Baron;Pawel;;0;37;0;0;;;;;;;;;;;;;;;;;;;
StraË·nek;Petr;CBASE BRNO;37;0;0;0;;;;;;;;;;;;;;;;;;;
Banach;Szymon;Atak sport C67 Racine team;0;36;0;;;;;;;;;;;;;;;;;;;;
Wardziak;Wojciech;Jafisport Bike Team;0;35;0;0;;;;;;;;;;;;;;;;;;;
Bukovsk˝;Luk·ö;CycloMax rock machine;0;34;0;;;;;;;;;;;;;;;;;;;;
UCHYTIL;Martin;UherskÈ HradiötÏ;0;0;0;31;;;;;;;;;;;;;;;;;;;
Androsz;Michal;"CK KolÌk Hobby BohumÌn ""B""";0;29;0;0;;;;;;;;;;;;;;;;;;;
KARMELITA;Tom·ö;Loko Krnov;0;0;0;29;;;;;;;;;;;;;;;;;;;
Holub;Milan;Bikestyle Opava;0;27;0;;;;;;;;;;;;;;;;;;;;
RuËka;Richard;UCJH;0;0;0;27;;;;;;;;;;;;;;;;;;;
Kaplon ;Julian;Atak sport C67 Racine team;0;26;0;;;;;;;;;;;;;;;;;;;;
Gruchala;VojtÏch;TK Ostrava;0;0;0;25;;;;;;;;;;;;;;;;;;;
TomeËek;LubomÌr;;0;0;0;24;;;;;;;;;;;;;;;;;;;
StanÏk;Pavel;Cyklosport P¯ikryl Star· Ves n. Ond¯ejnicÌ;0;0;0;21;;;;;;;;;;;;;;;;;;;
KOPECK›;Tom·ö;ZHOR Team;0;0;0;20;;;;;;;;;;;;;;;;;;;
;;;;;;;;;;;;;;;;;;;;;;;;;
Sprinter C;3;;;;;VC;;;;;;;;;;;;;;;;;;;
p¯ÌjmenÌ;jmÈno;klub;StVes;MJV;Paskov;VC2;;;;;;;;;;;;;;;;;;;
Kl·öterka;Tom·ö;CK Continental Frenöt·t p.R.  1;60;39;60;50;;;;;;;;;;;;;;;;;;;
Galuöka;Tom·ö;CK Continental Frenöt·t p.R.  1;55;29;44;55;;;;;;;;;;;;;;;;;;;
Blahut;Radek;SK MAXBIKE Ostrava;48;40;42;46;;;;;;;;;;;;;;;;;;;
Boszczyk;Norbert;"SkvÏl· kola-TJ Té T¯inec ""A""";46;42;40;38;;;;;;;;;;;;;;;;;;;
Swaczyna;Patrik;CK Feso Pet¯vald;50;31;39;44;;;;;;;;;;;;;;;;;;;
Kokeö;Pavel;SK ValaöskÈho kr·lovstvÌ;0;46;50;48;;;;;;;;;;;;;;;;;;;
Odv·rka;Ivo;FORCE KCK CYKLOTEAM ZLÕN;0;60;48;34;;;;;;;;;;;;;;;;;;;
Schnerch;Martin;"SkvÏl· kola-TJ Té T¯inec ""A""";40;24;37;37;;;;;;;;;;;;;;;;;;;
Nov·k;Milan;XXX Bike Club;44;30;0;40;;;;;;;;;;;;;;;;;;;
Fierla;Jan;CK Feso Pet¯vald;42;35;0;31;;;;;;;;;;;;;;;;;;;
Kaiser;ZdenÏk;A Bike Club Ostrava;0;26;36;39;;;;;;;;;;;;;;;;;;;
Pytel;JaromÌr;CYCLING BRNO BAGBIKE;0;38;55;0;;;;;;;;;;;;;;;;;;;
Mlyn·¯;Vlastimil;ACS DRAK Vrbno;0;44;46;0;;;;;;;;;;;;;;;;;;;
Janczura;Piotr Henryk;;39;34;0;0;;;;;;;;;;;;;;;;;;;
Kol·Ëek;Petr;CK Feso Pet¯vald;0;37;0;32;;;;;;;;;;;;;;;;;;;
Franta;Roman;"Racing Oleön· ""A""";0;32;0;36;;;;;;;;;;;;;;;;;;;
»erven˝;Luk·ö;Cykloservis MB;0;27;0;33;;;;;;;;;;;;;;;;;;;
äVEHLA;Miloslav;Bike Sport Opava;0;0;0;60;;;;;;;;;;;;;;;;;;;
SZAFRANIEC;Piotr;MTB-Silesia RybnÌk;0;55;0;0;;;;;;;;;;;;;;;;;;;
MAJKUT;Petr;PM Bike éidlochovice;0;50;0;0;;;;;;;;;;;;;;;;;;;
Pech·Ëek;Adam;ELEVEN MERCEDES-BENZ MITAS;0;48;0;0;;;;;;;;;;;;;;;;;;;
Ad·mek;Luk·ö;CK Feso Pet¯vald;0;0;0;42;;;;;;;;;;;;;;;;;;;
MÕ»EK;Roman;ACS DRAK Vrbno;0;0;38;;;;;;;;;;;;;;;;;;;;
Machotka;Karel;YOGI Racing Ostrava 1;0;36;0;0;;;;;;;;;;;;;;;;;;;
FI¡LEK;Otakar;ACS DRAK Vrbno;0;0;35;;;;;;;;;;;;;;;;;;;;
Kar·sek;Ji¯Ì;Racing Oleön· B;0;0;0;35;;;;;;;;;;;;;;;;;;;
KRESTA;LubomÌr;ACS DRAK Vrbno;0;0;34;;;;;;;;;;;;;;;;;;;;
Anderko;Karol;Jafisport bike team;0;33;0;0;;;;;;;;;;;;;;;;;;;
Jaroö;Martin;Racing Oleön· ÑBì;0;0;0;30;;;;;;;;;;;;;;;;;;;
Majtner;Petr;"SkvÏl· kola-TJ Té T¯inec ""A""";0;0;0;29;;;;;;;;;;;;;;;;;;;
Buchal;Ivo;"Racing Oleön· ""A""";0;28;0;0;;;;;;;;;;;;;;;;;;;
Wilhelm;Jaroslav;"CK KolÌk Hobby BohumÌn ""A""";0;0;0;28;;;;;;;;;;;;;;;;;;;
Gierc;David;;0;0;0;27;;;;;;;;;;;;;;;;;;;
Sedl·¯;Milan;FORCE KCK CYKLOTEAM ZLÕN;0;25;0;0;;;;;;;;;;;;;;;;;;;
JanËÌk;Martin;SK Ji¯Ì Team;0;23;0;;;;;;;;;;;;;;;;;;;;
Gawlik;Mariusz;TK Mocni Gaszowice;0;22;0;;;;;;;;;;;;;;;;;;;;
ävan;Miroslav;;0;21;0;;;;;;;;;;;;;;;;;;;;
;;;;;;;;;;;;;;;;;;;;;;;;;
Sprinter D;3;;;;;VC;;;;;;;;;;;;;;;;;;;
p¯ÌjmenÌ;jmÈno;klub;StVes;MJV;Paskov;VC2;;;;;;;;;;;;;;;;;;;
Pelc;Ladislav;CK Continental Frenöt·t p.R.  1;48;50;60;55;;;;;;;;;;;;;;;;;;;
M¸ck;Arnoöt;2K-BIKE CLUB Odry;60;35;55;42;;;;;;;;;;;;;;;;;;;
AdamËÌk;Miroslav;Cyklokramo Suchdol nad Odrou;46;60;46;40;;;;;;;;;;;;;;;;;;;
Beneö;Petr;YOGI Racing Ostrava 1;55;55;0;60;;;;;;;;;;;;;;;;;;;
DaÚhel;MojmÌr;Cyklistika pro vöechny Krnov;39;44;44;38;;;;;;;;;;;;;;;;;;;
Sk¯eËek;Robert;CYCLING BRNO BAGBIKE;40;39;40;39;;;;;;;;;;;;;;;;;;;
ZvonÌËek;RadomÌr;FORCE KCK CYKLOTEAM ZLÕN;37;46;50;0;;;;;;;;;;;;;;;;;;;
SEDL¡»EK; Ji¯Ì;SK Ji¯Ì team Ostrava;38;42;48;0;;;;;;;;;;;;;;;;;;;
Vyoral;LubomÌr;"CK KolÌk Hobby BohumÌn ""B""";31;30;36;26;;;;;;;;;;;;;;;;;;;
Satinsk˝;Alexandr;YOGI Racing Ostrava 1;42;37;0;37;;;;;;;;;;;;;;;;;;;
Chmura;Petr;Team Forman Cinelli;36;32;0;31;;;;;;;;;;;;;;;;;;;
HrazdÌlek;Alois;Renokov team;34;27;38;0;;;;;;;;;;;;;;;;;;;
KOWALCZYK;Mariusz;Gliwice;0;48;42;0;;;;;;;;;;;;;;;;;;;
MiËko;Jan;CK Feso Pet¯vald;44;0;0;44;;;;;;;;;;;;;;;;;;;
Motyka;Tom·ö;A Bike Club Ostrava;0;36;0;48;;;;;;;;;;;;;;;;;;;
KoneËn˝;Pavel;"CK KolÌk Hobby BohumÌn ""A""";0;34;0;46;;;;;;;;;;;;;;;;;;;
Baier;Jan;Lowell Pro äafrata Team BohumÌn;0;40;39;0;;;;;;;;;;;;;;;;;;;
Kont˙r;Milan;SK ValaöskÈho kr·lovstvÌ;35;0;0;32;;;;;;;;;;;;;;;;;;;
Schneider;Rudolf;CK Continental Frenöt·t p.R.  2;0;28;0;29;;;;;;;;;;;;;;;;;;;
äimoÚ·k;Marek;ACK Star· Ves nad Ond¯ejnicÌ;50;0;0;0;;;;;;;;;;;;;;;;;;;
MÕ»EK; Old¯ich;TJ Sigma Hranice;0;0;0;50;;;;;;;;;;;;;;;;;;;
Rupa;Miroslav;SK Ji¯Ì team Ostrava;0;38;0;;;;;;;;;;;;;;;;;;;;
JIÿÕK;ZdenÏk;bikesportmohelnjce;0;0;37;;;;;;;;;;;;;;;;;;;;
Krupa ;LubomÌr;LUBICI;0;0;0;36;;;;;;;;;;;;;;;;;;;
Niemczyk;Jan;;0;0;35;0;;;;;;;;;;;;;;;;;;;
Myn·¯;Jura;MTB Ond¯ejnÌk;0;0;0;35;;;;;;;;;;;;;;;;;;;
änajder;Roman;Racing Oleön· ÑAì;0;0;0;34;;;;;;;;;;;;;;;;;;;
KrchÚ·k;Pavel;ACK Star· Ves nad Ond¯ejnicÌ;33;0;0;0;;;;;;;;;;;;;;;;;;;
Jakl;Ji¯Ì;Triatlon klub Ostrava;0;0;0;33;;;;;;;;;;;;;;;;;;;
Andrzejewski;Andrzej;;0;33;0;0;;;;;;;;;;;;;;;;;;;
Kapala;Zygmund;;32;0;0;0;;;;;;;;;;;;;;;;;;;
JANKOWSKI;ALEKSANDER;DAR-BUD TEAM;0;31;0;0;;;;;;;;;;;;;;;;;;;
HlavatÌk;Ladislav;"Racing Oleön· ""A""";0;0;0;30;;;;;;;;;;;;;;;;;;;
Mrozek;Ji¯Ì;"CK KolÌk Hobby BohumÌn ""B""";0;29;0;0;;;;;;;;;;;;;;;;;;;
OböivaË;V·clav;MTB Ond¯ejnÌk;0;0;0;28;;;;;;;;;;;;;;;;;;;
PavlÌk;Petr;"Racing Oleön· ""B""";0;0;0;27;;;;;;;;;;;;;;;;;;;
;;;;;;;;;;;;;;;;;;;;;;;;;
Sprinter E;3;;;;;VC;;;;;;;;;;;;;;;;;;;
p¯ÌjmenÌ;jmÈno;klub;StVes;MJV;Paskov;VC2;;;;;;;;;;;;;;;;;;;
DanÏËek;Pavel;Cyklistika pro vöechny Krnov;55;46;46;60;;;;;;;;;;;;;;;;;;;
Mottl;BohumÌr;"CK KolÌk Hobby BohumÌn ""A""";48;37;42;44;;;;;;;;;;;;;;;;;;;
Toman;Vladislav;Cyklokramo Suchdol nad Odrou;60;55;55;0;;;;;;;;;;;;;;;;;;;
Zem·nek;LubomÌr;2K-BIKE CLUB Odry;0;48;60;48;;;;;;;;;;;;;;;;;;;
Bluszcz;Stefan;Lowell Pro äafrata Team BohumÌn;40;38;36;37;;;;;;;;;;;;;;;;;;;
PekarËÌk;Ji¯Ì;Cyklokramo Suchdol nad Odrou;39;36;40;33;;;;;;;;;;;;;;;;;;;
Savka;Miroslav;CK OrlÌk Orlov·;38;34;37;35;;;;;;;;;;;;;;;;;;;
Misina;Andrzej;ACK Star· Ves nad Ond¯ejnicÌ;50;40;48;0;;;;;;;;;;;;;;;;;;;
Zdanowicz;Marek;;0;42;44;46;;;;;;;;;;;;;;;;;;;
Teönar;Tom·ö;YOGI Racing Ostrava 1;46;39;0;40;;;;;;;;;;;;;;;;;;;
Vesel˝;Petr;"SkvÏl· kola-TJ Té T¯inec  ""B""";44;0;39;38;;;;;;;;;;;;;;;;;;;
Homola;Petr;YOGI Racing Ostrava 2;37;33;33;0;;;;;;;;;;;;;;;;;;;
Baùa;VladimÌr;Skc Tufo ProstÏjov;0;50;50;;;;;;;;;;;;;;;;;;;;
KubÌk;Josef;"CK KolÌk Hobby BohumÌn ""B""";0;35;38;0;;;;;;;;;;;;;;;;;;;
PÏg¯imek;Milan;CK OrlÌk Orlov·;42;0;0;31;;;;;;;;;;;;;;;;;;;
Ertel;Ji¯Ì;Novatop Lapierre;0;0;35;36;;;;;;;;;;;;;;;;;;;
Mrn˘ötÌk;Josef;Cyklotech-Pro a Mrn˘ötÌk;36;0;34;0;;;;;;;;;;;;;;;;;;;
Sasiadek;Czeslaw;niestowarzyszony;0;60;0;;;;;;;;;;;;;;;;;;;;
BuËek;Michal;Racing Oleön· ÑAì;0;0;0;55;;;;;;;;;;;;;;;;;;;
PavlÌk;Ji¯Ì;CK Continental Frenöt·t p.R.  2;0;0;0;50;;;;;;;;;;;;;;;;;;;
B·rta;Miroslav;SK Bagbike Rubing;0;44;0;0;;;;;;;;;;;;;;;;;;;
Muöka;Josef;CK Feso Pet¯vald;0;0;0;42;;;;;;;;;;;;;;;;;;;
Masn˝;Milan;"Racing Oleön· ""A""";0;0;0;39;;;;;;;;;;;;;;;;;;;
Kotas;Pavel;PJR;0;0;0;34;;;;;;;;;;;;;;;;;;;
Dubn˝;Pavel;Cyklokramo Suchdol nad Odrou;0;0;0;32;;;;;;;;;;;;;;;;;;;
Glogar;Jan;YOGI Racing Ostrava 2;0;0;32;0;;;;;;;;;;;;;;;;;;;
;;;;;;;;;;;;;;;;;;;;;;;;;
Sprinter é;3;;;;;VC;;;;;;;;;;;;;;;;;;;
p¯ÌjmenÌ;jmÈno;klub;StVes;MJV;Paskov;VC2;;;;;;;;;;;;;;;;;;;
Chmurov·;Jana;Team Forman Cinelli;44;55;48;44;;;;;;;;;;;;;;;;;;;
DanÏËkov·;Romana;Cyklistika pro vöechny Krnov;48;42;50;48;;;;;;;;;;;;;;;;;;;
Bartoöov·;Denisa;"CK KolÌk Hobby BohumÌn ""A""";55;0;60;55;;;;;;;;;;;;;;;;;;;
Krzyûankov·;Lenka;"SkvÏl· kola-TJ Té T¯inec ""A""";39;44;40;37;;;;;;;;;;;;;;;;;;;
Lantov·;Romana;Cyklistika pro vöechny Krnov;42;39;35;36;;;;;;;;;;;;;;;;;;;
MUDÿÕKOV¡; Kate¯ina;CK Feso Pet¯vald;50;0;46;40;;;;;;;;;;;;;;;;;;;
Lantov·;Romana ml.;Cyklistika pro vöechny Krnov;40;46;38;0;;;;;;;;;;;;;;;;;;;
Bajgerov·;Nikola;KC Kooperativa SG Jablonec;60;0;0;60;;;;;;;;;;;;;;;;;;;
LÌbenkov·;Sylva;CK Feso Pet¯vald;46;48;0;0;;;;;;;;;;;;;;;;;;;
PYTLOV¡; MarkÈta;SK Bag Bike;0;50;44;0;;;;;;;;;;;;;;;;;;;
Sikorov·;Michaela;TJ TZ TRINEC;0;0;39;39;;;;;;;;;;;;;;;;;;;
Proch·zkov·;Kamila;Sintesi Prima Donna;0;60;0;0;;;;;;;;;;;;;;;;;;;
IäTV¡NOV¡;Michaela;ACK Star· |Ves n/O;0;0;55;;;;;;;;;;;;;;;;;;;;
Kotalov·;Veronika;TJ UniËov;0;0;0;50;;;;;;;;;;;;;;;;;;;
TrËkov·;Daniela;TJ Kovo Praha;0;0;0;46;;;;;;;;;;;;;;;;;;;
HAº¡KOV¡; Nela;ACS DRAK VR Brno;0;0;42;0;;;;;;;;;;;;;;;;;;;
Jaklov·;Ivana;Lowell Pro äafrata Team BohumÌn;0;0;0;42;;;;;;;;;;;;;;;;;;;
»underlov·;Daniela;;0;40;0;;;;;;;;;;;;;;;;;;;;
Frantov·;Kate¯ina;Racing Oleön·;0;38;0;;;;;;;;;;;;;;;;;;;;
PargaËov·;Marcela;Cyklokramo Suchdol nad Odrou;0;0;0;38;;;;;;;;;;;;;;;;;;;
Dohnalov·;Jaroslava;Cyklistika pro vöechny Krnov;0;0;37;0;;;;;;;;;;;;;;;;;;;
NAVR¡TILOV¡; Kate¯ina;TJ Sigma Hranice;0;0;36;0;;;;;;;;;;;;;;;;;;;
BU»ÕKOV¡;Hana;ACS DRAK Vrbno;0;0;34;;;;;;;;;;;;;;;;;;;;
;;;;;;;;;;;;;;;;;;;;;;;;;
Sprinter M;3;;;;;VC;;;;;;;;;;;;;;;;;;;
p¯ÌjmenÌ;jmÈno;klub;StVes;MJV;Paskov;VC2;;;;;;;;;;;;;;;;;;;
Trachtulec;Petr;CK Feso Pet¯vald;55;0;60;60;;;;;;;;;;;;;;;;;;;
Haladus;Szymon;Cyklistika pro vöechny Krnov;34;46;36;42;;;;;;;;;;;;;;;;;;;
Schichel;Jakub;YOGI Racing Ostrava 1;0;60;37;48;;;;;;;;;;;;;;;;;;;
Pol·Ëik;Martin;CK Continental Frenöt·t p.R.  1;0;50;35;46;;;;;;;;;;;;;;;;;;;
PaliËka;Hynek;ACK Star· ves N.O.;48;0;48;0;;;;;;;;;;;;;;;;;;;
KMÕNEK;VojtÏch;Mapei Cyklo KaÚkovsk˝;38;0;55;0;;;;;;;;;;;;;;;;;;;
POKORN›; Petr;ACK Star· Ves nad Ond¯ejnicÌ;40;0;50;0;;;;;;;;;;;;;;;;;;;
KRESTA;Jan;SK Ji¯Ì team Ostrava;44;0;40;0;;;;;;;;;;;;;;;;;;;
V¡VRA; Marek;ACK Star· Ves nad Ond¯ejnicÌ;42;0;39;0;;;;;;;;;;;;;;;;;;;
MichaliËka;Juraj;Cyklistick˝ spolok éilina;60;0;0;0;;;;;;;;;;;;;;;;;;;
Haöek;Daniel;SK Bag Bike;0;55;0;0;;;;;;;;;;;;;;;;;;;
JARMA;Ctirad;CykloTeam Kol·rna;0;0;0;55;;;;;;;;;;;;;;;;;;;
MÌËek;Old¯ich;TJ Sigma Hranice;0;0;0;50;;;;;;;;;;;;;;;;;;;
Vojtek;Miloö;Cyklistick˝ spolok éilina;50;0;0;0;;;;;;;;;;;;;;;;;;;
Homola;Jakub;Bike 2000;0;48;0;;;;;;;;;;;;;;;;;;;;
KREJ»Õ;Marian;ACK Star· Ves nad Ond¯ejnicÌ;46;0;0;0;;;;;;;;;;;;;;;;;;;
RUMAN; Jakub;ACK Star· Ves nad Ond¯ejnicÌ;0;0;46;0;;;;;;;;;;;;;;;;;;;
Krupa;Luboö;LubÌci;0;0;0;44;;;;;;;;;;;;;;;;;;;
MiköanÌk;VladimÌr;SK Ji¯Ì team Ostrava;0;0;44;0;;;;;;;;;;;;;;;;;;;
ROH¡»EK;Jakub;Mapei Cyklo KaÚkovsk˝;0;0;42;0;;;;;;;;;;;;;;;;;;;
Januö;Pavol;Cyklistick˝ spolok éilina;39;0;0;0;;;;;;;;;;;;;;;;;;;
LAäTŸVKA;David;Mapei Cyklo KaÚkovsk˝;0;0;38;0;;;;;;;;;;;;;;;;;;;
BIALONCZYK;Kamil;Author Pszczyna;37;0;0;0;;;;;;;;;;;;;;;;;;;
Smolinski;Piotr;UKS Stobrawa Kluczbork;36;0;0;0;;;;;;;;;;;;;;;;;;;
Person;Tom·ö;Cyklistick˝ spolok éilina;35;0;0;0;;;;;;;;;;;;;;;;;;;
VlËek;Jan;TJ Sigma Hranice;0;0;34;0;;;;;;;;;;;;;;;;;;;
BuËko;Adam;Cyklistick˝ spolok éilina;33;0;0;0;;;;;;;;;;;;;;;;;;;
SVÕZELA;Tom·ö;MG bike team;0;0;33;;;;;;;;;;;;;;;;;;;;
Kujawa;Michal;UKS Stobrawa Kluczbork;32;0;0;0;;;;;;;;;;;;;;;;;;;
Mendygral;Ryszard;Dobre sklepy rowerove;31;0;0;0;;;;;;;;;;;;;;;;;;;
