"Kategorie A";11;;;;;;;;;;;;;;;;;
"pøíjmení";"jméno";"klub";"Trispol";"ArcelorMittal";"Krnov";"Hodinovka";"TdS";"VP";"Zlín";"Continental";"TdJ";"MRSAC";"MRSAC";"GPF";"Stonava";"VCL";"M60";"Paskov"
"Alickun";"Eduard";"TJ Kolík Bohumín 1";0;29;24;48;0;"DNF";34;0;0;0;0;32;0;35;0;0
"Balog";"Lukáš";;0;0;0;0;0;0;0;0;0;0;0;0;0;0;0;22
"Bastwina";"Michal";"UKS Sokol Kety";0;0;0;42;0;0;0;0;0;0;0;0;0;0;0;0
"BRO";"Matìj";"Team Forman Cinelli";0;0;33;0;0;0;0;0;0;0;0;39;0;"DNF";0;0
"Bubeník";"Jiøí";"CykloservisMB-Airoo";0;34;16;35;0;"DNF";0;42;44;0;0;27;48;25;0;0
"BUCHÁÈEK";"Tomáš";"Whirpool Author";0;0;55;0;0;0;0;0;0;0;0;0;0;0;0;0
"BUKSA";"Dominik";"Èeská spoøitelna Sp.";0;0;40;0;0;0;0;0;0;0;0;0;0;0;0;0
"CIELEPAK";"Marcin";"Gliwice";0;0;25;0;0;0;0;0;0;0;0;0;0;0;0;0
"Cimbálník";"Pavel";"Cyklo MXM Hulín";20;40;0;0;44;48;0;44;60;0;0;38;56;26;0;31
"Civela";"Petr";"Titan Sport Club";0;0;0;0;0;0;0;0;0;0;0;0;0;0;26;0
"Èer";"Tomáš";"Bikestyle.cz";20;0;29;0;50;0;0;0;0;0;0;0;0;46;0;46
"Èernı ";"Josef";"Wibatech";0;0;0;0;0;0;0;60;0;0;0;0;0;0;0;50
"Èernı";"Viktor";"YOGI Racing Ostrava 1";0;0;0;0;0;0;0;0;0;0;0;0;0;0;0;0
"DANÌK";"Tomáš";"Eleven Benefit";0;0;1;0;0;0;0;0;0;0;0;0;0;0;0;0
"Darboøák";"Antonín";;0;0;0;0;0;0;0;36;0;0;0;0;0;0;0;0
"Diblík";"Jan";"Racing Olešná";0;26;22;0;38;"DNF";0;35;0;0;0;37;0;0;0;0
"Drozdsz";"Tomasz";"MTB Team UCI";20;0;0;0;0;0;0;0;55;0;0;0;0;0;0;0
"Duík";"Josef";"Cube-Light Bike ";0;0;0;0;0;0;0;0;0;0;0;0;35;0;0;0
"Fierla";"Ondøej";"TEAM FORMAN CINELLI";0;48;36;0;0;0;55;0;0;0;0;38;0;30;55;38
"Franer";"Juraj";"Nova Top - Lappier";0;0;0;0;0;0;0;0;0;0;0;0;0;0;25;0
"Furczyk";"Maciej";"UKS „Sokol“ Kety";0;0;0;0;0;0;0;0;0;0;0;30;0;0;0;0
"Galatík";"Roman";"CK Continental Frenštát p. R. 1";20;46;0;60;55;60;48;46;0;50;44;65;65;40;0;42
"Grepl";"Radim";"CK Hobby Bohumín B";0;0;0;0;0;0;0;0;0;0;0;0;34;0;0;23
"Gruchala";"Vojtìch";"Triatlon klub Ostrava";20;28;6;29;31;36;35;32;0;31;0;29;38;0;0;27
"Haitl ";"František";"Galaxy Team Hranice";0;0;0;0;0;0;0;0;0;0;0;35;0;38;0;0
"Haluza";"Martin";"CK PeMaP Pøerov ";0;0;0;0;0;0;36;0;0;0;0;0;0;0;0;0
"Hamáèek";"Jaroslav";"ACS DRAK VRBNO";20;0;0;0;0;0;0;0;0;0;0;0;0;0;0;0
"Haman";"Martin";"MILKA-Superior";20;0;0;0;0;0;0;0;0;0;0;60;0;60;0;0
"HAMPL";"Petr";"Favorit Brno";0;0;48;0;60;0;0;0;0;0;0;0;0;0;48;0
"HAMSA";"Martin";"Superior riders";0;0;31;0;0;0;0;0;0;0;0;0;0;0;0;0
"Helebrandt";"Pavel";"BSS OPAVA";20;0;19;0;0;0;0;0;0;0;0;0;0;0;28;0
"Hradil";"Jiøí ";"Force KCK Zlín ";0;0;0;0;0;0;50;0;0;0;0;0;0;0;0;0
"HUDEÈEK";"Petr";"Team Forman Cinelli";0;0;35;0;0;0;0;0;0;0;0;40;0;42;60;36
"Jablonski";"Marcin";;20;0;0;0;0;0;0;0;0;0;0;0;0;0;0;0
"Janda";"Jan";"CK PeMaP Pøerov ";0;0;0;0;0;0;38;0;0;0;0;0;0;0;0;0
"Janiczek";"Roman";"TJ T Tøinec";0;0;0;0;0;0;0;0;36;0;0;0;0;0;0;0
"Janošek";"Tomáš";"ACK Stará Ves nad Ondøejnicí";0;42;0;0;0;0;0;0;0;0;0;0;0;31;0;0
"JANOUŠEK";"Jiøí";"KC Brno";0;0;8;0;0;0;0;0;0;0;0;0;0;0;0;0
"Jalùvka";"Petr";"SK Jiøí Team";0;0;0;0;0;0;0;0;0;0;0;0;0;20;0;0
"Kachlíø ";"Marcel";"Focus";0;0;0;0;0;0;0;0;0;0;0;0;0;0;0;33
"Kalita";"Tomáš";"YOGI Racing Ostrava 3";0;33;20;32;0;0;0;0;0;0;0;0;46;0;0;29
"Kasperek";"Michal";"UKS „Sokol“ Kety";0;0;0;0;0;0;0;0;0;0;0;34;0;0;0;0
"Klíma";"Jirka";"CK Pøerov";0;44;0;0;0;0;0;0;0;0;0;0;0;0;0;0
"Kloda";"Petr";"Novatop-Lapierre";0;0;0;0;30;0;0;0;0;0;0;0;30;0;0;0
"Klos";"Viktor";"Sk JIØÍ TEAM";0;0;0;0;0;55;0;0;0;0;0;0;0;0;36;0
"Kobliha";"Ondøej";"Madeta Fitness- Specialized";0;0;0;0;0;0;0;0;0;0;0;36;0;0;0;0
"Kocián";"Daniel";"Viessman";0;0;0;0;0;0;0;0;0;0;0;0;0;0;0;28
"Kocián";"Tomáš";;0;0;0;0;0;0;0;0;0;0;0;0;0;0;23;0
"Kohoutek";"Martin";"Kopøivnice";0;0;0;0;0;0;0;34;0;0;0;0;0;0;0;0
"Kokošek";"Oldøich";"Novatop-Lapierre";20;0;18;0;36;0;0;0;0;0;0;0;0;0;0;0
"Košák";"Lukáš";"Racing Olešná";0;20;0;0;0;0;0;0;0;0;0;0;0;0;0;0
"Kozák";"Pavel";"Cyklokramo Suchdol n. O. 2";0;0;3;0;0;0;0;0;0;0;0;0;0;0;0;0
"KOUŠNÍK";"Adam";"Team Forman Cinelli";0;0;39;0;0;0;0;0;0;0;0;37;0;48;40;40
"KUBÁNEK";"Martin";"Lowell pro Šafrata Bohumín";0;0;15;33;0;0;0;0;0;0;0;0;0;33;31;0
"Kubínek";"Aleš";"CK Hobby Bohumín B";0;0;0;0;0;0;0;0;0;0;0;0;36;0;0;0
"Kusidlo ";"Mariusz";"CK Hobby Bohumín A ";0;38;0;44;48;"DNF";0;0;0;0;0;41;50;39;42;0
"Kvapulínskı";"Martin";"Cube-Light";20;39;37;31;0;50;0;0;50;40;28;36;58;44;50;0
"Kvarda";"Roman";"Racing Olešná ";0;25;0;0;0;0;0;0;0;0;0;0;0;0;0;0
"Lasák";"Matìj";"MAX CURSOR Ostrava";0;60;60;0;0;0;0;0;0;0;0;33;0;0;0;60
"Malejka";"Michal";"UKS ""Sokol"" Kety";0;0;0;0;0;0;0;0;0;0;0;0;44;0;0;0
"Malošík";"Jan";"CK Orlík Orlová";0;0;0;0;0;0;0;0;0;0;0;0;0;0;0;0
"Marek";"Jaroslav";"Bohemia Cycling BMC";0;0;0;50;0;0;0;0;0;0;0;44;0;28;38;0
"Marek";"Miroslav";"SKOTT-Bicykly";0;0;17;0;0;0;0;33;0;0;0;25;0;"DNF";32;32
"Markos";"Tanas";"CK Frenštát";20;0;0;0;0;0;0;0;0;0;0;0;0;0;0;0
"Maták";"Andrej";"Cykloklub Kysuce";0;27;0;27;0;0;0;0;0;0;0;0;0;0;0;0
"MATULA";"Lukáš";"Team Forman Cinelli";0;0;44;0;0;0;0;0;0;0;0;46;0;37;44;44
"MATUŠÙ";"Miroslav";;0;0;1;0;0;0;0;0;0;0;0;0;0;0;0;0
"MÍÈEK";"Ondøej";"Team Forman Cinelli";0;0;38;0;"DNF";0;44;0;0;0;0;48;0;34;0;0
"Mlynáø ";"Zdenìk";"Focus";0;0;0;0;0;0;0;0;0;0;0;0;0;0;0;55
"MRUZEK";"Michal";"SUNDANCE ";0;0;7;40;0;0;0;0;0;0;0;0;0;0;0;0
"Musiol";"Lukáš";"YOGI Racing Ostrava 2";0;21;0;0;0;0;0;28;0;0;0;0;0;0;0;0
"Musiol";"Jakub";"Yogi Racing Ostrava";20;0;0;0;0;0;0;0;38;0;0;0;0;0;0;0
"Nepraš";"Karel";"ACK Stará Ves nad Ondøejnicí";0;50;14;0;0;0;60;0;0;0;0;0;50;50;0;37
"Neulinger";"Ondøej";"SK Jiøí Tream Ostrava";20;0;0;0;0;0;0;0;0;0;0;0;0;0;0;0
"Novák";"Vlastimil";"Vsetín";0;0;0;38;39;38;0;30;0;0;0;18;33;22;0;0
"Olejník";"Martin";"Bruntál";20;0;0;0;0;0;0;0;0;0;0;0;0;0;0;0
"Ondrašík";"Richard";"CK Feso Petøvald";0;32;0;26;35;"DNF";0;0;0;0;0;0;0;23;29;0
"Oravec";"Petr";"CK PeMaP Pøerov ";0;0;0;0;0;0;37;0;0;0;0;0;0;0;0;0
"Palider";"Jan";"Triatlon klub Ostrava";0;23;2;28;0;0;0;0;0;0;0;0;0;0;0;0
"Parma";"Krzysztof";"Kól BSZ Lublin";0;0;0;36;0;0;0;0;0;0;0;0;0;0;0;0
"Pastušek ";"Jan";"SK Maxbike Orlová";0;22;23;34;42;0;0;0;0;0;0;23;0;0;33;34
"Pavlík ";"Jan";"Racing Olešná";0;0;0;0;33;39;0;31;39;0;0;39;44;36;34;0
"Pavlík ";"Petr";"Racing Olešná";20;31;26;46;46;40;40;38;42;0;0;42;47;"DNF";37;39
"Pilèík";"Adam";"Bikestyle.cz";20;0;27;0;37;0;0;0;0;0;0;0;0;0;0;0
"PLEVÁK";"Ivo";"Max Cursor";0;0;46;55;"DNF";0;0;55;0;0;0;0;0;0;0;0
"Prouza";"Martin";"Triatlon klub Ostrava";0;0;0;37;0;0;0;0;0;0;0;0;0;0;0;0
"Pøichystal";"Lukáš";"PM Bike idlochovice";20;0;0;0;0;0;0;0;0;0;0;0;0;0;0;0
"Rohel";"Bøetislav";"Bikestyle.cz";20;0;50;0;0;0;0;0;0;0;0;42;0;0;0;48
"Rut";"Ondøej";"Triatlon klub Ostrava";0;0;5;0;0;0;0;0;0;0;0;0;0;0;0;0
"Øeháèek";"Vojtìch";"BSS OPAVA";20;0;0;0;0;0;0;0;0;0;0;0;0;0;0;0
"Salomon";"Marek";"SK Maxbike Orlová";0;24;4;25;0;0;0;29;0;0;0;30;39;18;0;25
"Satke";"Tomáš";"BSS OPAVA";20;0;0;0;0;0;0;0;0;0;0;0;0;0;0;0
"Sedláèek";"Marek";"SK Jiøí team";0;0;0;24;40;42;0;0;0;0;0;0;32;0;0;35
"Skıba";"Pavel";;0;0;0;0;0;0;0;0;0;0;0;0;0;19;0;0
"SLONINA";"Ludìk";"Lokomotiva Krnov";0;0;9;0;0;0;0;0;0;0;0;0;0;0;0;0
"Sobek";"Ondøej";"CK Hobby Bohumín A ";0;0;0;0;0;0;0;0;0;0;0;0;0;0;0;0
"Sosna";"Tomáš";"Triatlon klub Ostrava";0;0;0;0;34;0;0;0;0;0;0;0;0;0;0;0
"Stocker";"Kamil";"Cube-light Bike ";0;0;0;0;0;0;0;0;0;0;0;0;27;0;0;0
"Svientı";"Radek";"Bikestyle.cz";20;0;28;0;0;0;0;0;0;0;0;24;0;0;0;0
"Svoboda";"Jan";"Yogi Racing Ostrava";20;0;0;0;0;0;0;0;0;55;55;0;0;0;0;0
"Swaczna";"Petr";"CK Feso Petøvald";0;0;0;0;0;0;0;50;0;0;0;0;0;0;0;0
"Swistek";"Damian";"Bohemia Cycling Team";0;0;0;0;0;0;0;0;0;0;0;16;0;0;0;0
"Šimara";"Jiøí";"Merida Biking";0;0;0;0;0;0;0;0;0;0;0;0;0;29;0;0
"Škoda";"Kristián";"CK Continental Frenštát p. R. 1";20;35;13;39;0;44;0;39;46;34;0;31;49;32;35;0
"Škuta";"Vlastimil";"CK HObby Bohumín";0;0;0;0;0;0;0;0;0;0;0;0;25;17;24;24
"Šmedek";"Josef";"SK SENTIDO Karviná";0;0;0;0;0;0;0;0;0;0;0;0;23;0;0;0
"Štainer";"Pavel";"SK Valašského království";20;36;10;0;"DNF";0;0;0;0;39;31;0;52;0;0;0
"Šustr";"Vilém";"ACK Stará Ves n. Ondøejnicí";20;37;30;0;0;46;0;0;0;0;0;0;0;0;0;0
"Szlauer";"David";"Bukovec";0;0;0;0;0;0;0;0;37;0;0;0;0;0;0;0
"TOMAN";"Jiøí";"Team Forman Cinelli";0;0;12;0;0;0;0;0;0;0;0;25;0;"DNF";0;30
"TOMEÈEK";"Lubomír";"Team Forman Cinelli";0;0;11;0;0;0;0;0;0;0;0;0;0;0;0;0
"TOMASZ";"Daniel";"JGW";0;0;42;0;0;0;0;0;0;0;0;0;0;0;0;0
"Tøasák";"Lukáš";"Cykloprofi Holice ";0;0;0;0;0;0;39;0;0;0;0;0;0;0;0;0
"Tyleèek";"Václav";"Cyklosport Pøikryl Stará Ves";0;0;0;0;0;0;0;0;0;0;0;0;0;21;0;0
"Veleckı";"Tomáš";"YOGI Racing Ostrava 1";0;0;0;0;0;0;0;48;48;0;0;0;0;0;46;0
"Wiedermann";"David";"Silnı team Unièov ";0;0;0;0;0;0;42;0;0;0;0;0;0;0;0;0
"Willmann";"Filip";"Skvelakola.cz";20;30;0;30;32;"DNF";0;37;40;0;0;24;41;24;27;26
"Zahuè";"Dominik";"Sundance";0;0;0;0;0;0;0;0;0;0;0;0;0;0;22;0
"Záruba";"Pavel";"Hájov";0;0;0;0;0;0;0;0;0;0;0;0;0;27;30;0
"Záruba";"Petr";"ACK Stará Ves nad Ondøejnicí";0;55;34;0;0;37;46;40;0;0;0;50;60;55;39;0
"ZHÁNAL";"Pavel";"Spartak Tøebíè";0;0;21;0;0;0;0;0;0;0;0;0;0;0;0;0
;;;;;;;;;;;;;;;;;;
"Kategorie B";11;;;;;;;;;;;;;;;;;
"pøíjmení";"jméno";"klub";"Trispol";"ArcelorMittal";"Krnov";"Hodinovka";"TdS";"VP";"Zlín";"Continental";"TdJ";"MRSAC";"MRSAC";"GPF";"Stonava";"VCL";"M60";"Paskov"
"Adámek";"Lukáš";;0;0;0;0;0;0;0;0;0;0;0;37;0;28;44;0
"Bában";"Marcel";"CykloservisMB-Airoo";0;50;0;46;0;0;0;37;39;0;0;0;70;0;0;0
"Bak";;;0;33;0;0;0;0;0;0;0;0;0;0;0;0;0;0
"Balica";"Lukáš";"Racing Olešná";0;29;0;0;0;0;0;27;0;0;0;0;0;0;32;0
"Beneš";"Daniel";"SK VEHA TEAM";0;24;20;0;33;"DNF";0;0;0;0;0;0;0;0;0;0
"Beníèek";"Tomáš";"CK Continental Frenštát p. R. 2";20;15;17;19;30;30;32;25;25;15;1;30;34;22;26;33
"Blahut";"Radek";"Cyklo Blahut";0;0;0;0;0;0;0;0;0;0;0;0;0;0;35;36
"Body ";"Marcel";"Novatop Lapiere";0;0;0;39;35;"DNF";0;0;0;0;0;0;0;0;0;0
"Bollo";"Roman";"YOGI Racing Ostrava 1";0;0;34;37;0;0;0;55;48;0;0;41;54;0;34;35
"Boszczyk";"David";"Tøinec";0;0;0;0;0;0;0;0;21;0;0;0;0;0;0;0
"Byrtus ";"Ivo";"Sport Klapka";0;0;0;44;0;38;0;0;0;0;0;0;37;0;0;0
"Celta";"Tomáš";"CK Continental Frenštát p. R. 1";20;60;44;60;60;60;60;46;50;44;42;40;65;60;28;0
"Èervenı";"Lukáš";"Baník Karviná";0;20;0;24;0;0;0;30;28;0;0;21;31;"DNF";0;0
"Dohnal";"Tomáš";"Cyklokramo Suchdol n. Odrou 1";0;0;0;0;0;0;0;0;0;0;0;0;0;0;25;0
"Domanskı";"Libor";"SK Valašského Království";20;0;0;0;0;0;0;0;0;0;0;27;0;0;0;0
"Dominiak ";"Wojciech ";"KTUKOL G£UCHO£AZY ";0;0;15;0;0;0;0;0;0;0;0;0;0;0;0;0
"Dulava";"David";"Skvelakola.cz";20;0;0;0;0;0;0;0;0;0;0;0;0;0;0;0
"Foltın";"Jiøí";"CK Hobby Bohumín A ";20;38;23;40;37;33;0;34;34;20;0;27;49;26;36;0
"Gawalek";"Andrzej";"Rybnik";0;0;0;0;0;0;0;0;31;0;0;0;0;0;0;0
"Gierc";"David";;0;18;0;23;0;0;0;26;0;0;0;0;0;0;0;0
"Hajzler";"Marian";"SK ORBEA";20;0;60;0;0;0;0;0;0;0;0;0;0;0;0;0
"Harabiš";"Radim";"SK Valašského království";0;0;0;0;0;0;0;0;0;0;0;18;0;23;0;0
"Hastík";"Kamil";"FORCE KCK Cykloteam Zlín ";0;0;0;0;0;0;0;0;0;0;0;0;0;24;0;0
"Heinrich";"Lukáš";"Bikestyle.cz";20;0;50;0;55;0;0;0;0;0;0;60;0;0;0;60
"Hejneš";"Leopold";"SK Bagbike";0;0;0;0;0;0;0;0;0;0;0;0;0;37;0;0
"Hlawiczka";"Martin";"Skvelakola.cz";20;35;28;42;39;35;39;0;32;18;12;46;45;32;42;38
"Holiš";"Martin";"Èeská Spoøitelna – Specialized";0;0;0;0;0;0;0;0;0;0;0;38;0;44;0;0
"Chamrád";"Jiøí";"CK Continental Frenštát p. R. 1";0;44;0;30;42;50;0;60;60;0;0;54;52;50;50;0
"Choleèek";"Oldøich";"Force KCK Zlín ";0;0;0;0;0;0;33;0;0;0;0;0;0;0;0;0
"Chılek";"Patrik";"CK Continental Frenštát";0;0;0;0;0;0;0;0;0;0;0;0;0;31;0;0
"Jankù";"Martin";"Silnı team Unièov ";0;0;0;0;0;0;40;0;0;0;0;0;0;0;0;0
"Javorek";"Petr";"ACK Stará Ves n. Ondøejnicí";0;0;0;0;0;40;0;0;0;0;0;0;0;36;0;48
"Je";"Martin";"Èeskı Tìšín";0;0;0;0;0;0;0;0;20;0;0;0;0;0;0;0
"Jeek";"Petr";"CykloservisMB-Airoo";0;0;0;0;0;0;0;0;0;0;0;0;0;0;0;0
"Jirásek";"Josef";"YOGI Racing Ostrava 2";20;25;35;29;0;0;0;0;0;0;0;0;0;0;0;0
"Jodkowski";"Jacek";"BDC Kolejarz Jura";0;0;0;0;0;0;0;0;0;0;0;0;0;0;24;0
"Jureèka";"Roman";"CK Continental Frenštát p. R.";20;28;0;0;0;34;0;0;0;0;0;0;0;0;0;0
"Kainar";"Tomáš";"Nutrend Specialized";20;0;0;0;0;0;0;0;0;0;0;0;0;0;0;0
"Kantor";"Tomáš";"Tøinec";0;0;0;0;0;0;0;0;37;0;0;0;0;0;0;0
"Karmelita";"Tomáš";"LOKO Krnov";20;0;0;0;0;0;0;0;0;0;0;35;0;0;0;0
"Klášterka ";"Tomáš";"ACK Stará Ves n. Ondøejnicí";0;48;55;55;48;55;50;44;0;0;0;60;60;55;55;46
"Knebel";"Radim";"SK Valašského království";0;0;0;0;0;0;0;0;0;0;0;0;0;33;0;0
"Kokeš";"Pavel";"SK Valašského království";0;39;48;0;0;"DNF";0;0;0;0;0;0;0;"DNF";60;55
"Koláèek";"Petr";"CK Feso Petøvald";0;37;38;27;0;0;0;0;42;0;0;58;46;42;48;40
"Kolesár";"Radek";"TJ Kolík Bohumín 1";0;0;0;0;0;36;0;0;0;0;0;38;0;29;0;44
"Kotas";"Wieslaw";"TJ T Tøinec";0;0;0;0;0;0;0;50;55;0;0;0;0;0;0;0
"Kotásek";"Robert";"Cube-Light Bike";0;0;0;0;0;0;0;0;0;0;0;0;39;0;0;0
"Kouøil";"Martin";"Jeseník";0;0;0;0;0;0;0;0;0;0;0;40;0;0;0;0
"Kovaøík";"Roman";"TJ Kolík Bohumín 2";0;0;26;"DNF";0;0;0;0;0;0;0;0;0;0;0;0
"Král";"Martin";"YOGI Racing Ostrava 2";0;40;30;0;0;44;0;38;40;0;0;0;48;0;38;0
"Krhut";"Martin";"SK Bagbike";0;0;0;0;50;48;0;40;0;0;0;0;0;39;0;0
"Krchòák";"Boris";"Vendrynì";0;0;0;0;0;0;0;0;19;0;0;0;0;0;0;0
"Kroll";"Andrzej";"Skvelakola.cz";20;14;18;20;32;"DNF";0;0;24;0;0;0;0;0;0;0
"Kubala";"Janusz";"CykloservisMB-Airoo";0;0;0;50;0;46;0;42;46;0;0;39;50;46;39;0
"Kuèera";"Ivo";"Force KCK Zlín ";0;0;0;0;0;0;42;0;0;0;0;0;0;0;0;0
"Kula";"Tomáš Pavel";"Rybnik";20;0;32;0;0;31;0;0;0;0;0;0;0;0;0;0
"Macczak";"Laszek";;20;23;21;22;0;0;0;0;0;0;0;0;0;0;27;0
"MACHAÈ";"Miroslav";"ACS Drak Vrbno";0;0;19;0;31;0;0;0;0;0;0;0;0;0;0;0
"Machotka";"Karel";"YOGI Racing Ostrava 1";0;55;31;25;46;"DNF";0;48;0;39;0;52;58;40;0;0
"Malátek";"Tomáš";"Novatop Lapierre";0;0;0;0;36;0;0;0;0;0;0;0;0;0;0;0
"Malík";"Roman";"Racing Olešná";0;27;0;0;0;0;0;0;0;0;0;0;0;0;0;0
"Malina ";"Jakub";;0;0;0;0;0;0;0;0;0;0;0;19;0;0;0;0
"Marszalek";"Piotr";"Marklowice";0;0;0;0;0;0;0;0;36;0;0;0;0;0;0;0
"Martinák";"Tomáš";"SK Valašského království";0;34;0;26;0;0;0;0;0;0;0;24;0;27;0;0
"Míl";"Robert";"KPO";0;0;0;0;44;0;0;0;0;0;0;0;0;0;0;0
"MLYNÁØ";"Vlastimil";"ACS Drak Vrbno";0;0;46;0;0;0;0;0;0;0;0;0;0;0;0;50
"MOLITOR";"Tomáš";"Janovice";0;0;29;21;0;0;0;35;33;0;0;55;0;34;0;0
"Mrkva ";"Jakub";"Briko";0;0;0;32;0;37;0;0;0;0;0;0;0;35;0;0
"Najser";"Tomáš";"BIKEONE";20;0;0;0;0;0;0;0;0;0;0;0;0;0;0;0
"Novotnı ";"Jiøí";"Team Forman Cinelli";0;17;16;18;0;0;0;0;0;0;0;0;0;0;0;0
"Orálek ";"Dušan";"SCS MIRVA SVITAVY";0;0;0;0;0;42;0;0;0;0;0;0;0;0;0;0
"Orlík";"Pavel";"SKI Bílá";0;0;0;0;0;0;0;0;0;0;0;0;0;0;37;0
"Pavlík";"Vít";"Galaxy Team Hranice";0;0;0;31;0;0;0;0;0;0;0;26;0;25;0;0
"Pecháèek ";"Adam";"Šumperk";0;0;0;28;0;"DNF";0;0;30;0;0;0;0;"DNF";0;0
"Perutka";"Martin";;0;0;0;0;0;0;0;0;0;0;0;0;25;0;0;0
"PETØÍK";"Zdenìk";"HANNAH";0;0;36;0;0;0;0;0;0;0;0;0;0;0;0;0
"Pietrosz";"Tomáš";;0;19;0;0;0;0;0;0;0;0;0;0;0;0;0;0
"Pietrzyk";"Vratislav";"KaSK";0;36;0;0;0;0;0;39;44;0;0;0;0;0;0;0
"Plucnar";"Pavel";"TJ T Tøinec";0;16;0;0;0;0;0;0;0;0;0;0;0;0;0;0
"Pohanka";"Libor";"KC Brno ";0;0;0;0;0;0;34;0;0;0;0;0;0;0;0;0
"Podhornı";"Jarmil";"YOGI Racing Ostrava 1";0;30;24;0;0;0;0;28;26;0;0;0;36;0;0;0
"Povala";"Roman";"CK Continental Frenštát p. R. 1";0;42;0;33;0;"DNF";0;31;0;19;0;0;0;0;0;0
"PRUSEK";"Václav";"Lokomotiva Krnov";0;0;42;0;0;0;0;0;0;0;0;0;0;0;0;0
"Pšenèík";"Robert";"Extrém Zlín ";0;0;0;0;0;0;44;0;0;0;0;0;0;0;0;0
"Pytel";"Jaroslav";"SK Bagbike";0;0;0;0;"DNF";0;0;0;0;0;0;0;0;38;0;0
"Schnerch";"Martin";"Skvelakola.cz";20;0;25;34;34;32;38;32;29;0;0;33;40;"DNF";31;34
"Sikora";"Tomáš";"ACK Stará Ves n. Ondøejnicí";0;0;"DNF";0;0;0;0;0;0;0;0;0;0;0;0;0
"Smolka";"Michal";;0;0;0;0;0;0;0;0;0;0;0;32;0;0;0;0
"Stanìk ";"Pavel";"Cyklosport Pøikryl Stará Ves n. O.";20;32;39;35;40;"DNF";46;33;35;0;0;39;44;30;40;37
"Stocker";"Richard";"Cube-Light Bike";0;0;0;0;0;0;0;0;0;0;0;0;43;0;0;0
"Styrnal";"Ivan";"Bystøice";0;0;0;0;0;0;0;0;23;0;0;0;0;0;0;0
"Styrnal";"Petr";"Bystøice";0;0;0;0;0;0;0;0;22;0;0;0;0;0;0;0
"Surma";"Wojciech";"Rybnik";0;0;0;0;0;0;0;0;0;0;0;34;0;0;0;0
"Šenkeøík";"Jan";"Cykloteam OD Morava ";0;0;0;0;0;0;48;0;0;0;0;0;0;0;0;0
"Špiler";"Stanislav";"CK PeMaP Pøerov ";0;0;0;0;0;0;55;0;0;0;0;0;0;0;0;0
"Štec";"Josef";"Cyklokramo Suchdol n. O. 1";0;22;22;0;0;0;0;0;0;0;0;35;38;0;33;0
"Šustr";"Jiøí";"Silnı team Unièov ";0;0;0;0;0;0;37;0;0;0;0;0;0;0;0;0
"Toman";"Petr";"Team Forman Cinelli";20;31;33;48;38;0;0;29;0;0;0;0;37;0;0;39
"Tomáš";"Libor";"KTM Bikes.cz ";0;0;0;0;0;0;36;0;0;0;0;0;0;0;0;0
"Uvíra ";"Václav";"CK Orlík Orlová";0;46;40;38;0;39;0;36;38;0;0;56;56;48;46;42
"Vendolskı";"Libor";;0;0;0;0;0;0;35;0;0;0;0;0;0;0;0;0
"Vrábel";"David";"SK Valašského království";0;26;27;36;0;0;0;0;0;0;0;0;42;0;29;0
"Wajda ";"Viktor";;0;0;0;17;0;0;0;0;0;0;0;0;0;0;0;0
"Waloszek";"Vlastislav";"Chimpanzee Team";0;0;0;0;0;0;0;0;27;0;0;0;0;0;0;0
"WINKLER";"Jan";"Bikestyle.cz";0;0;37;0;0;0;0;0;0;0;0;0;0;0;0;0
"Wyszinski";"Darius";"DAR-BUD";0;0;0;0;0;0;0;0;0;0;0;0;0;0;30;0
"Zietara";"Damian";"BDC";0;0;0;0;0;0;0;0;0;0;0;22;0;0;0;0
"itník";"Petr";;0;0;0;0;0;0;0;0;0;0;0;33;0;0;0;0
;;;;;;;;;;;;;;;;;;
"Kategorie C";11;;;;;;;;;;;;;;;;;
"pøíjmení";"jméno";"klub";"Trispol";"ArcelorMittal";"Krnov";"Hodinovka";"TdS";"VP";"Zlín";"Continental";"TdJ";"MRSAC";"MRSAC";"GPF";"Stonava";"VCL";"M60";"Paskov"
"Bartek";"Dušan";"Racing Olešná";0;29;0;0;0;0;0;0;0;0;0;0;0;0;0;0
"Bajer";"Svatopluk";"Team Forman Cinelli";0;0;0;0;0;0;0;0;0;0;0;50;0;0;0;0
"Beneš";"Petr";"YOGI Racing Ostrava 1";0;0;55;60;50;55;0;44;0;0;0;65;60;42;50;50
"Blachowski";"Riszard";"CK Orlík Orlová";0;0;0;0;0;0;0;0;0;0;0;0;0;0;0;0
"Boszczyk";"Norbert";"Tøinec";0;0;0;0;0;0;0;0;46;0;0;0;0;0;0;0
"Buchal";"Ivo";"Racing Olešná";0;36;0;37;0;0;0;0;0;0;0;0;50;0;0;33
"Buksa ";"Jiøí";"ODLO Specialized";0;0;0;0;0;42;0;0;0;0;0;0;0;0;0;0
"Carbol";"Petr";"Baník Karviná";0;0;0;29;0;0;0;0;0;0;0;0;0;0;0;0
"Cichı";"Vlastislav";"Tøinec";0;0;0;0;0;0;0;0;55;0;0;0;0;0;0;0
"Cyran";"Damian";"Rybnik";0;0;0;0;0;0;0;0;30;0;0;0;0;0;0;0
"Èernota ";"Kamil";"Sport centrum Dolní Benešov";0;0;0;0;0;44;0;0;0;0;0;0;0;0;0;0
"Dohnal";"Blahoslav";"Cyklistika pro všechny Krnov";20;0;0;0;0;0;0;0;34;0;0;0;42;0;36;0
"Drzewiwcki";"Jacek";"CTC Scout";0;0;0;0;0;0;0;0;0;0;0;31;0;0;0;0
"DZIAMOR";"Andrzej";"MERIDA Gliwice";0;0;29;0;0;0;0;0;0;0;0;0;0;0;0;0
"Fajkus";"Petr";"KCK Zlín";20;0;0;0;0;0;0;0;0;0;0;0;0;44;0;44
"FIALA";"Radek";"Veissmann Opava";0;0;50;0;0;0;0;0;0;0;0;0;0;0;0;0
"Fierla ";"Jan";"CK Feso Petøvald";0;37;36;39;40;35;38;36;0;0;0;52;48;38;46;40
"Franta";"Roman";"Racing Olešná";0;42;0;48;44;"DNF";0;42;0;0;0;54;47;35;0;38
"Galuška";"Lambert";"Oldøichovice";0;0;0;0;0;0;0;0;29;0;0;0;0;0;0;0
"Galuška";"Tomáš";"LowellPro Šafrata team Bohumín";20;60;"DNF";40;60;50;55;55;50;0;0;70;65;60;60;46
"Gatnar";"Jiøí";"CK Hobby Bohumín B";0;0;0;0;0;0;0;0;0;0;0;0;0;0;0;0
"Giraczka";"Martin";"LowellPro Šafrata team Bohumín";0;0;0;0;0;0;0;0;0;0;0;0;0;0;0;42
"Grölich";"Petr";"SK Bagbike";0;0;0;0;0;0;0;0;0;0;0;0;0;40;0;0
"Grussmann";"Václav";"CK Continental Frenštát p. R. 1";20;46;42;42;46;40;42;46;48;0;0;58;52;39;48;48
"Guziur ";"Dalibor";"Racing Olešná";0;32;0;0;0;0;0;34;33;0;0;0;35;0;0;0
"Hajdík";"Karel";"Viavelo";0;0;0;0;0;0;0;0;0;0;0;32;0;0;0;0
"Havlíèek";"Robert";"YOGI Racing Ostrava 3";0;48;48;44;0;"DNF";0;0;42;0;0;0;0;0;0;0
"Hurník";"Pavel";"TK Ostrava";0;0;0;28;0;0;0;0;0;0;0;0;0;0;0;0
"Chruòák";"Martin";"YOGI Racing Ostrava 2";0;0;38;50;0;46;0;0;0;0;0;0;0;55;0;0
"Jakl";"Jiøí";"Triatlon klub Ostrava";20;31;26;31;34;31;0;32;31;0;0;43;43;0;0;32
"Jodlowski";"Jacek";"BDC Kolejarz Jura";0;0;0;0;0;0;0;0;0;0;0;37;0;0;0;0
"JUØÍK";"Kamil";"CYKLO Jeseník";0;0;34;0;38;"DNF";0;0;0;0;0;0;0;0;0;0
"Kaiser ";"Zdenìk";"A bike club Ostrava ";0;0;37;38;0;38;0;0;37;0;0;0;0;36;42;35
"Klapka";"Vlastimir";"MADT SPORT Klapka";0;0;0;0;0;0;0;0;0;0;0;0;48;0;0;0
"Kmenta";"Dalibor";"FORCE KCK Cykloteam Zlín ";0;0;0;0;0;0;0;0;0;0;0;0;0;30;0;0
"Kolorz";"Mariusz";"AGK Rybnik";0;0;0;36;0;0;0;0;0;0;0;0;0;0;0;0
"Konderla";"Martin";"Skvelakola.cz";20;0;0;0;0;0;0;0;0;0;0;0;0;0;0;0
"Kráèmar";"Petr";"TJ Kolík Bohumín 1";0;0;0;0;0;0;0;0;0;0;0;0;0;0;0;0
"Køiák";"Petr";"Berkovice";0;0;0;46;"DNF";0;0;0;0;0;0;0;0;0;0;0
"Kuchaø";"Martin";"Cycling team Sokol Kbily";0;0;0;0;0;0;0;48;0;0;0;0;0;0;0;0
"Lach";"Alan";"Racing Olešná";0;0;0;0;0;0;0;0;0;0;0;0;0;0;0;0
"Lazeckı";"Petr";"Novatop";0;0;0;0;0;0;0;0;0;0;0;0;0;0;44;0
"Lepšík";"Mirek";;0;0;0;0;0;0;0;0;0;0;0;0;30;0;0;0
"Lysek";"Vladimír";"CK Continental Frenštát p. R. 1";0;55;0;0;0;0;29;0;0;32;34;49;70;0;0;0
"Marek";"Miroslav";"Scott-Bicykle";20;0;0;0;0;0;0;0;0;0;0;0;0;0;0;0
"Michal";"Robert";"CykloservisMB-Airoo";0;0;0;0;0;0;0;0;0;0;0;0;0;0;0;0
"Motyka";"Tomáš";"A Bike club Ostrava";0;0;0;30;35;30;0;35;0;0;0;45;44;32;40;37
"NÌMEC";"Leoš";"KC Brno";0;0;33;0;0;0;0;0;0;0;0;0;0;0;0;0
"ORST";"Tomáš";"Vılet Liberec";0;0;25;0;0;0;0;0;0;0;0;0;0;0;0;0
"PETRUŠ";"Lubomír";"ACS Drak Vrbno";0;0;39;0;48;37;0;0;0;0;0;0;0;0;0;0
"Piechaczek";"Krzysztof";"Lowellpro Šafrata Bohumín";0;50;0;0;0;"DNF";0;0;0;0;0;0;0;0;0;0
"PYTELA";"Pavel";"ACS Drak Vrbno";0;0;24;0;0;0;0;0;0;0;0;0;0;0;0;0
"RÁBEK";"Tomáš";"skvelakola.cz";0;0;23;0;0;0;0;0;0;0;0;0;0;0;0;0
"Rupa";"Miroslav";"YOGI Racing Ostrava 2";0;39;32;"DNF";0;32;0;0;0;0;0;0;0;0;0;0
"Satinskı";"Alexandr";"YOGI Racing Ostrava 1";20;44;46;33;39;39;37;0;40;0;0;48;56;48;55;0
"Schichel ";"Tomáš";"YOGI Racing Ostrava 3";0;0;0;0;0;0;0;0;0;0;0;0;0;0;0;0
"Serafinowski";"Piotr";"Skoczow";0;0;0;0;0;0;0;0;35;0;0;0;0;0;0;0
"Sokol";"Pavel";"Cyklokramo Suchdol n. O. 1";0;35;31;35;36;33;0;40;38;0;0;46;49;37;0;36
"Strapek";"Jan";"Jeseník";20;0;60;0;55;0;0;0;0;0;0;0;0;0;0;0
"Støíbnı ";"Libor";"Sport centrum Dolní Benešov";0;0;0;0;0;48;0;0;0;0;0;0;0;0;0;0
"Sıkora";"Miroslav";;0;0;0;0;0;0;0;50;0;0;0;0;0;0;0;0
"ŠÍMA";"Martin";"MAX Cursor";0;0;44;27;0;60;0;60;0;0;0;46;0;50;0;60
"Šimeèek";"Radim";"Midar Pøíbor";20;34;30;34;0;36;0;39;39;0;0;0;41;33;38;31
"Škarka";"Jiøí";"CK Hobby Bohumín A ";20;33;27;32;37;34;30;33;32;0;0;44;46;34;37;34
"Šnajder";"Roman";"Racing Olešná";0;38;0;0;0;0;0;0;0;0;0;0;0;0;0;0
"Tihlaøík";"Stanislav";"Cyklistika pro všechny Krnov";0;0;35;0;0;0;0;0;0;0;0;0;0;0;0;0
"Tomasz";"Wojciech";"Dobøe sklepy Rowerowe";0;0;0;0;42;0;0;0;0;0;0;0;0;0;0;0
"Veselı";"Tomáš";"Bagbike";0;0;0;0;0;0;0;0;60;0;0;0;0;0;0;0
"Viteèek";"Petr";"TJ Kolík Bohumín 2";0;0;0;0;0;0;0;0;0;0;0;0;0;0;0;0
"Vodièka ";"Štìpán";"Cyklosport Pøikryl Stará Ves n. O.";0;30;0;0;0;0;0;0;0;0;0;0;0;0;0;0
"Wenzel";"Roman";"Max Cursor";20;40;40;55;"DNF";"DNF";46;38;36;0;0;50;54;46;0;55
"Wilhelm";"Jaroslav";"TJ Kolík Bohumín 1";20;0;28;0;0;0;0;37;44;0;0;0;0;0;0;0
"Zahrádka";"Tomáš";"ZHOR Team";20;0;0;0;0;0;0;0;0;0;0;0;0;0;0;0
"Záruba";"Pavel";"ACK Stará Ves nad Ondøejnicí";0;0;0;0;0;0;0;0;0;0;0;0;0;31;39;0
"Zvoníèek ";"Radomír";"KCK Zlín";0;0;0;0;0;0;0;0;0;0;0;0;0;0;0;39
"ebrák";"Radim";"TJ Kolík Bohumín 2";0;0;0;0;0;0;0;0;0;0;0;0;0;0;0;0
;;;;;;;;;;;;;;;;;;
"Kategorie D";11;;;;;;;;;;;;;;;;;
"pøíjmení";"jméno";"klub";"Trispol";"ArcelorMittal";"Krnov";"Hodinovka";"TdS";"VP";"Zlín";"Continental";"TdJ";"MRSAC";"MRSAC";"GPF";"Stonava";"VCL";"M60";"Paskov"
"Adamèík";"Miroslav";"Cyklokramo Suchdol n. O. 1";20;50;"DNF";44;0;"DNF";0;60;60;0;0;65;65;60;55;60
"Baier";"Jan";"TJ Kolík Bohumín 1";0;0;0;27;0;0;0;0;0;0;0;46;42;42;0;44
"Baran";"Petr";"SK Bagbike";0;55;44;0;60;50;38;50;50;42;35;58;58;55;0;0
"Bartolewski";"Wojciech";"CTC Scout Czechostova";0;0;0;0;0;0;0;0;0;0;0;23;0;0;0;0
"Biedrawa";"Vladislav";;0;0;0;0;0;0;0;0;0;0;0;0;26;0;0;0
"Blokeš";"Jindøich";"Turistika Bolatice";0;0;0;0;0;29;0;0;0;0;0;0;0;0;29;0
"Hinner";"Jiøí";"ACK Stará Ves n. Ondøejnicí";20;31;27;25;33;28;0;28;29;0;0;0;38;24;27;0
"Hlavatík";"Ladislav";"Racing Olešná";0;48;0;35;40;38;0;36;0;0;0;0;52;39;37;0
"Holeš";"Jiøí";"CK Hobby Bohumín A ";20;28;35;34;31;33;0;35;32;0;0;39;37;0;0;0
"Chmura";"Petr";"Team Forman Cinelli";20;35;37;0;36;39;0;39;39;0;0;45;45;40;38;42
"Janova";"Stanislav";"Hvozdná";0;0;0;0;0;0;0;46;0;0;0;0;0;0;0;0
"Juráò";"Petr";"Mike Bike";0;0;0;29;0;0;0;0;0;0;0;0;0;0;0;0
"Knytl";"Vojtìch";"Cyklokramo Suchdol n. O. 1";0;0;38;42;0;0;35;34;0;0;0;49;0;38;39;46
"Kontúr";"Milan";"SK Valašského království";0;32;29;28;32;0;0;29;33;0;0;47;44;36;0;0
"Kopøiva";"Miroslav";"CK Continental Frenštát p. R. 2";20;38;31;26;35;32;26;33;37;40;0;0;0;0;0;0
"Kotas";"Pavel";"PJR Frenštát p. R.";0;0;0;0;0;0;0;0;0;0;0;0;0;30;0;0
"Krawczyk";"Andrzej";"Dobre sklepy rowerowe Autor";20;0;0;46;42;0;0;37;36;0;0;48;0;28;44;0
"Krchòák ";"Pavel";"ACK Stará Ves n. Ondøejnicí";20;40;40;50;0;40;39;38;42;0;0;0;49;37;0;50
"KRUCZEK";"Hendryk";"Freestylesport";0;0;46;0;0;0;0;0;0;0;0;0;0;0;0;0
"Krzyzanowski";"Zbigniew";"CTC Scout Czestochowa";0;0;0;0;0;0;0;0;0;0;0;0;0;0;48;0
"Lawicki";"Dariusz";"Czernica Masters";20;37;36;37;46;37;0;0;38;0;0;44;48;27;"DNF";0
"Lazeckı";"Petr";"LK Pustá Polom";0;0;0;0;37;36;0;0;0;0;0;0;0;0;0;0
"Legerski";"Jiøí";"Tøinec";0;0;0;0;0;0;0;0;35;0;0;0;0;0;0;0
"Lepka";"Václav";"YOGI Racing Ostrava 3";20;25;0;23;29;26;0;0;0;0;0;37;47;23;28;0
"Maleòák";"Richard";;0;42;0;40;0;42;0;42;0;0;0;0;0;0;0;0
"Míèek";"Oldøich";"TJ Sigma Hranice";0;0;0;0;0;0;0;0;55;0;0;0;0;0;0;0
"MISINA";"Andrzrej";"LKS Briksyusz";0;0;39;31;44;34;0;0;0;0;0;33;0;0;42;0
"Mrozek";"Jiøí";"Dìtmarovice";0;0;0;0;0;0;0;0;0;0;0;0;0;22;0;0
"Muck";"Arnošt";"2k bike club Odry";0;0;0;0;0;0;0;0;0;0;0;42;0;0;0;0
"Musil ";"Oldøich";"alltraining.cz";0;0;0;0;0;0;0;0;0;0;0;0;0;0;0;0
"Niedermajer";"Václav";"SK Bagbike";0;23;0;0;0;0;0;0;0;0;0;0;0;0;0;0
"Novák ";"Milan";"Bicykly CZ";0;0;0;0;0;44;0;0;0;0;0;50;0;50;0;0
"Nowak";"Andrzej";"CTC Scout Czechostova";0;0;0;0;0;0;0;0;0;0;0;44;0;0;0;0
"Pastušek ";"Vlastimír";"SK Maxbike Orlová";0;27;"DNF";30;34;0;0;26;27;28;22;38;41;0;30;38
"Pavlík ";"Petr";"Racing Olešná";0;33;33;0;38;31;0;31;34;0;0;42;0;34;35;0
"Pekarèík";"Jiøí";"Cyklokramo Suchdol n. O. 2";0;24;0;0;0;0;0;25;0;0;0;34;35;0;0;0
"Pelc";"Ladislav";"CK Continental Frenštát p. R. 1";20;60;60;60;50;60;60;55;44;0;50;70;70;48;60;0
"Petr";"Josef";"Petr Team";0;0;0;0;55;0;0;0;0;0;0;0;0;0;0;0
"Petøíèek";"Vladimír";"Kopøivnice";0;0;0;0;0;0;0;0;0;0;0;0;0;29;0;0
"Pilecki";"Stanislav";"CykloservisMB-Airoo";0;30;0;33;0;0;0;0;31;0;0;0;46;0;0;0
"Praski";"Henryk";"CK Hobby Bohumín A ";0;46;0;0;0;35;0;40;40;0;0;0;54;25;36;40
"Raus";"Pavel";"Novatop Lapierre";0;0;0;0;0;55;0;0;0;0;0;40;0;0;0;0
"Ruminski";"Stanislaw";"Dobre sklepy rowerowe Autor";20;0;0;0;0;0;0;0;0;0;0;41;0;26;46;0
"Rybicki";"Ludvik Vojtìch";"Zabrze";20;0;0;0;30;0;0;0;0;0;0;25;0;0;32;0
"Savka";"Miroslav";"CK Orlík Orlová";0;26;28;32;0;30;0;0;30;0;0;36;40;35;33;39
"Sedláèek";"Jiøí";"SK Jiøí team";0;0;0;48;0;0;0;0;0;0;0;0;0;0;0;0
"Schneider";"Rudolf";"CK Continental Frenštát p. R. 2";0;36;0;0;0;0;0;0;0;0;0;0;43;33;0;0
"Skøeèek";"Robert";"KC Brno";20;0;50;0;0;0;0;0;0;0;0;0;0;0;0;0
"Slezák ";"Josef";"ForCE KCK Cykloteam Zlín";0;0;0;0;0;0;0;0;0;0;0;0;50;44;0;48
"Strnadel";"Ludìk";"Èeladná";0;0;0;0;0;0;0;32;0;0;0;0;0;32;0;0
"ŠKOPEC";"Milan";"ACS Drak Vrbno";0;0;30;0;0;0;0;0;0;0;0;0;0;0;0;0
"Toman";"Vladislav";"Cyklokramo Suchdol n. O. 1";0;39;0;24;48;46;46;44;46;0;0;56;50;46;50;55
"Tomanec";"Karel";"Vinotéka U Karla Frenštát p. R";0;0;0;0;0;0;0;30;0;0;0;0;0;0;0;0
"URBAŠEK";"Jiøí";"GOOFY Krnov";0;0;32;0;0;0;0;0;0;0;0;0;0;0;0;0
"Vakuè";"Leszek";"CTC Scout Czestochowa";0;0;0;0;0;0;0;0;0;0;0;0;0;0;40;0
"Vychodil ";"Antonín";;0;0;0;0;0;0;0;0;0;0;0;0;0;0;0;37
"Vyoral";"Lubomír";"CK Hobby Bohumín A ";20;29;34;39;39;27;0;27;28;0;0;40;39;31;34;0
"WAWRZYNKIEWICZ";"Eduard";"Slaski zwianzek kolarski";0;0;48;38;0;0;0;0;0;0;0;0;0;0;0;0
"Widenka";"Aleš";"TJ Kolík Bohumín 1";0;44;0;0;0;0;0;0;0;0;0;0;56;0;0;0
"Zdanowicz";"Marek";"Merida team Gliwice";0;0;0;36;0;0;0;0;0;0;0;0;0;0;31;0
"Zemánek";"Lubomír";"Cyklokramo Suchdol n. O. 1";20;0;55;55;0;48;42;48;48;0;0;0;0;0;0;0
"ZMUDA";"Jan";"Lokomotiva Krnov";0;0;42;0;0;0;0;0;0;0;0;0;0;0;0;0
;;;;;;;;;;;;;;;;;;
"Kategorie E";11;;;;;;;;;;;;;;;;;
"pøíjmení";"jméno";"klub";"Trispol";"ArcelorMittal";"Krnov";"Hodinovka";"TdS";"VP";"Zlín";"Continental";"TdJ";"MRSAC";"MRSAC";"GPF";"Stonava";"VCL";"M60";"Paskov"
"Baa ";"Vladimír";"Force KCK Cykloteam Zlín";20;60;60;0;60;60;60;55;0;0;60;0;65;60;0;60
"Bluszcz";"Stefan";"LowellPro Šafrata team Bohumín";20;42;0;46;44;39;0;39;42;0;0;50;48;40;39;42
"Danìèek";"Pavel";"CK Loko Krnov";0;50;55;55;50;50;0;0;0;0;0;70;58;55;60;55
"Dubiel";"Eugen";;0;0;0;0;0;0;0;0;0;0;0;0;31;0;0;0
"Dubnı";"Pavel";"Cyklokramo Suchdol n. O. 2";20;38;42;38;40;37;0;38;39;0;0;47;46;35;38;0
"Engliš";"Jiøí";;0;0;0;0;0;0;0;0;0;0;0;0;0;0;33;0
"Ftorek";"Peter";"CK ilina";20;0;0;0;0;0;0;50;55;0;0;0;0;0;0;0
"Gieracz ";"Marek";"CTC Scout Czechostova";0;0;0;0;0;0;0;0;0;0;0;48;0;29;40;0
"Glogar";"Jan";"YOGI Racing Ostrava 2";0;0;0;0;0;0;26;0;0;31;0;0;45;"DNF";0;34
"Goldmann";"Jaromír";"LOKO Krnov";20;0;0;0;0;0;0;0;0;0;0;0;0;0;0;0
"Homola";"Petr";"LowellPro Šafrata team Bohumín";20;40;44;36;46;40;35;40;40;0;0;54;50;44;0;39
"Hrdina";"Miroslav";"Sokol Plesná";0;0;0;0;0;34;0;0;0;0;0;0;0;0;32;0
"Klos ";"Antonín";"Cykloveteran klub Opava";0;0;0;0;0;35;0;0;0;0;0;0;0;0;34;0
"Kramoliš";"Radomír";"Cyklokramo Suchdol n. O. 1";0;0;40;44;38;0;38;0;0;0;0;48;0;36;0;44
"Krkoška";"Jilji";"MTB Ondøejník";0;0;0;0;0;0;0;0;0;0;0;0;0;38;0;0
"Krkoška";"Štìpán";"Ostravice";0;0;0;0;0;0;0;0;0;0;0;0;0;34;0;0
"Kubašta";"Zdenìk";"Elektro Kubašta";0;0;0;0;0;0;0;0;0;0;0;0;0;0;0;0
"Kubík";"Josef";"TJ Kolík Bohumín 2";0;0;0;32;0;0;0;0;0;0;0;46;49;37;0;40
"Laszczynski";"Ksawery";"CK Hobby Bohumín A ";0;55;0;0;0;0;0;0;0;0;0;0;60;0;0;0
"Masnı";"Milan";"Racing Olešná";0;0;0;0;0;55;50;60;60;60;0;0;70;0;0;0
"Mináø";"Václav";;0;0;0;0;0;0;0;0;0;0;0;0;0;0;36;0
"MLYNÁØ";"Miloslav";"ACS Drak Vrbno";0;0;38;0;0;0;0;0;0;0;0;0;0;0;0;0
"Mottl";"Bohumír";"TJ Kolík Bohumín 1";20;46;48;50;0;42;0;46;48;0;0;60;54;48;55;50
"Mrakvia";"Zdenìk";"Skvelakola.cz";20;35;36;34;0;36;0;0;37;0;0;0;0;0;0;0
"Mrnùštík";"Josef";"Cyklotech-Pro a Mrnùštík";0;34;0;0;39;33;33;36;38;0;0;45;47;32;0;37
"Musil";"Jan";"Petøvald";0;0;0;0;0;0;0;0;0;0;0;0;0;33;0;0
"Muška";"Josef";"Feso Petøvald";0;0;0;0;0;0;0;0;0;0;0;39;0;42;44;0
"Oslzla";"Stanislav";"Brušperk";0;36;39;42;0;38;0;0;0;0;0;52;0;39;42;0
"Pavelek";"František";"CK Continental Frenštát p. R. 2";20;"DNF";0;33;0;0;0;0;0;0;0;0;0;0;0;0
"Pavlík ";"Jiøí";"Skvelakola.cz";20;44;50;60;55;46;0;48;50;40;46;65;52;46;50;48
"Rechtenberg";"Karel";"PJR Frenštát p.R.";0;0;0;0;0;0;0;0;0;0;0;0;32;30;0;0
"Rychta ";"Otmar";"Cyklistika pro všechny Krnov";20;0;0;0;0;0;0;37;0;0;0;0;0;0;0;0
"Siwek";"Stanislaw";"CK Hobby Bohumín B";20;33;37;37;37;"DNF";0;35;0;0;0;0;44;31;35;36
"Skotnica";"Josef";"SKP Opava";20;32;0;35;36;0;28;0;0;0;0;0;43;0;0;35
"Tešnar";"Tomáš";"YOGI Racing Ostrava 1";0;48;46;40;0;48;37;44;44;37;36;56;56;50;48;38
"Tichı";"Pavel";;0;0;0;0;0;0;0;0;0;0;0;0;0;0;37;0
"Trombik";"Emil";"TJ T Tøinec";0;37;0;39;42;"DNF";0;0;0;0;0;0;0;0;0;0
"Veselı";"Petr";"TJ T Tøinec";0;39;0;48;48;44;0;42;46;0;0;0;0;0;46;46
;;;;;;;;;;;;;;;;;;
"Kategorie A";11;;;;;;;;;;;;;;;;;
"pøíjmení";"jméno";"klub";"Trispol";"ArcelorMittal";"Krnov";"Hodinovka";"TdS";"VP";"Zlín";"Continental";"TdJ";"MRSAC";"MRSAC";"GPF";"Stonava";"VCL";"M60";"Paskov"
"Bajgerová ";"Nikola";"ACK Stará Ves nad Ondøejnicí";0;60;50;0;0;"DNF";0;0;0;0;0;0;0;42;0;60
"Bartošová";"Denisa";"SK Maxbike Orlová o.s.";0;55;60;0;0;0;0;0;60;0;0;55;0;60;55;0
"Bøeèková";"Lucie";"SK Maxbike Orlová";0;40;40;46;48;0;0;48;0;44;38;56;58;0;42;0
"Èmielová";"Daniela";"Milíkov";0;0;0;0;0;0;0;0;48;0;0;0;0;0;0;0
"Èupová ";"Jana";"Gold´s gym Cyklopoint Brno";0;0;0;0;0;0;0;0;0;0;0;0;0;0;0;0
"Frajkowská";"Ester";"CK Orlík Orlová";0;31;0;0;0;0;0;0;0;0;0;0;0;0;0;0
"GREGORZOWICZ";"Dorota";"MERIDA GLIWICE";0;0;55;0;0;0;0;0;0;0;0;0;0;0;0;0
"Gruchalová";"Lucie";"LowellPro Šafrata team Bohumín";20;50;48;60;55;55;60;55;0;48;50;60;65;0;0;50
"Halmová";"Eva";"CK Orlík Orlová";0;33;31;0;0;36;0;40;42;0;0;47;52;37;40;0
"Ištvánová ";"Michaela";"ACK Stará Ves nad Ondøejnicí";0;37;0;50;0;44;48;0;0;0;0;0;0;46;48;55
"Javorková";"Lucie";"Hvozdná";0;0;0;0;0;0;0;60;0;0;0;0;0;0;0;0
"Kawuloková";"Petra";"SKI Mosty";0;0;0;0;0;0;0;0;40;0;0;0;0;0;0;0
"Kotalová";"Veronika";"ACK Stará Ves n. Ondøejnicí";0;46;0;0;0;48;0;0;0;0;0;54;60;55;0;42
"Kratochvílová";"Eva";"Alpine pro Author team";0;0;0;48;60;0;55;0;0;0;0;0;0;0;0;0
"Krzyanková";"Lenka";"KC Kooperativa SG Jablonec n. N";0;42;0;0;0;50;0;0;0;0;0;0;0;44;0;0
"KUBICA";"Alexandra";"MERIDA GLIWICE";0;0;44;0;0;0;0;0;0;0;0;0;0;0;0;0
"Kusidlo ";"Katarzyna";"CK Hobby Bohumín A ";20;44;42;55;50;40;0;46;0;50;39;58;70;50;50;0
"Lantová ";"Romana";"Cyklistika pro všechny Krnov";20;38;39;42;0;39;0;0;0;0;0;49;0;0;0;0
"MACHAÈOVÁ";"Jana";"Sigma Hranice";0;0;36;0;0;0;0;0;0;0;0;0;0;0;0;0
"MACHOSZ";"Adriana";"MERIDA GLIWICE";0;0;38;0;0;0;0;0;0;0;0;0;0;0;0;0
"Mudøíková";"Kateøina";;0;48;37;0;0;46;0;0;55;0;0;0;0;48;46;0
"Novotná ";"Hana";"Team Forman Cinelli";0;0;0;0;0;0;0;0;0;0;0;40;0;0;0;0
"Paliderová ";"Alena";"Triatlon klub Ostrava";0;0;33;0;0;0;0;0;0;0;0;0;0;0;0;0
"Procházková";"Kamila";"Sintesi Prima - Donna";0;0;0;0;0;0;0;0;0;0;0;0;0;0;0;40
"Rezková";"Anteta";"Merida Biking Team";20;0;0;0;0;"DNF";0;0;0;0;0;42;0;0;0;46
"Sikorová";"Michaela";"T Tøinec";0;0;0;44;0;42;0;50;50;0;0;0;0;40;44;48
"Siwek";"Daria";"Chomecice";20;0;0;0;0;0;0;0;0;0;0;0;0;0;0;0
"Sladkovská";"Petra";"CK Continental Frenštát p. R. 2";20;36;0;0;0;0;0;0;0;0;0;0;0;0;0;0
"Stonová ";"Tamara";"Team Forman Cinelli";0;0;0;0;0;60;0;0;0;0;0;60;0;0;60;0
"ŠIMKOVÁ";"Barbora";"ACK Stará Ves";0;0;46;0;0;0;0;0;0;0;0;0;0;"DNF";0;0
"Škopcová";"Klára";"ACS DRAK VRBNO";20;0;35;0;46;0;0;0;0;0;0;0;0;0;0;38
"Tomanová";"Lucie";"Cyklokramo Suchdol n. O. 1";0;35;0;0;0;38;46;44;46;0;0;48;56;39;0;44
"Ublanská ";"Kamila";"CK Orlík Orlová";0;34;32;40;0;37;0;42;44;0;0;0;54;38;0;39
"Varyšová";"Tereza";"ACK Stará Ves n. Ondøejnicí";0;39;34;0;0;"DNF";0;0;0;0;0;0;0;0;0;0
;;;;;;;;;;;;;;;;;;
"Kategorie B";11;;;;;;;;;;;;;;;;;
"pøíjmení";"jméno";"klub";"Trispol";"ArcelorMittal";"Krnov";"Hodinovka";"TdS";"VP";"Zlín";"Continental";"TdJ";"MRSAC";"MRSAC";"GPF";"Stonava";"VCL";"M60";"Paskov"
"Danìèková ";"Romana";"Cyklo Mapei Kaòkovskı";0;0;50;50;55;50;0;0;0;0;0;60;0;60;55;60
"Dohnalová";"Jaroslava";"Cyklistika pro všechny Krnov";20;50;44;48;46;0;0;48;55;0;0;58;56;55;50;0
"Ejsmont ";"Joanna";"BDC Kolejarz Jura Czestochowa";0;0;0;0;0;42;0;0;0;0;0;40;0;48;46;0
"Galetièová";"Anna";"TJ Kolík Bohumín 1";20;0;39;0;0;0;0;46;0;0;0;0;0;0;0;0
"Hostinská";"Petra";"SK Cyklo Chludná";0;0;0;0;0;0;0;0;0;0;0;0;55;0;0;0
"Jaklová";"Ivana";"LowellPro Šafrata team Bohumín";20;55;55;60;50;55;55;55;48;0;0;65;70;0;0;55
"Lantová";"Romana";"Cyklistika pro všechny Krnov";20;44;42;44;0;44;0;0;0;0;0;52;0;0;0;0
"Libenková";"Sylva";"TJ Kolík Bohumín 1";0;48;46;46;48;46;60;0;0;0;0;56;58;50;"DNF";50
"Maráèková";"Pavla";"SK JIØÍ TEAM";0;40;0;0;0;0;0;0;0;0;0;0;0;0;0;0
"Matušková";"Zina";"Racing Olešná";0;42;0;0;0;0;0;0;0;0;0;0;0;0;0;0
"Novotná";"Martina";"CK Continental Frenštát p. R. 1";20;60;60;55;60;60;0;60;60;0;60;70;60;0;60;0
"Pargaèová";"Marcela";"Cyklokramo Suchdol n. O. 1";20;46;40;42;0;0;0;50;50;0;0;54;54;46;48;48
"Serafinowska";"Dorota";"Skoczow";0;0;0;0;0;0;0;0;46;0;0;0;0;0;0;0
"Šèuèková";"Jiøina";"Silnı team Unièov";0;0;0;0;0;0;0;0;0;60;50;0;0;0;0;0
"Tkocz";"Anna";"Radlin";20;0;0;0;0;48;0;0;0;0;0;0;0;0;0;0
"Vavreèková";"Lenka";"Baník Karviná";0;39;0;0;0;0;0;0;0;0;0;0;0;0;0;0
"Vyèítalová";"Jana";"ACS DRAK VRBNO";20;0;48;0;0;0;0;0;0;0;0;0;0;0;0;0
;;;;;;;;;;;;;;;;;;
"Kategorie M";11;;;;;;;;;;;;;;;;;
"pøíjmení";"jméno";"klub";"Trispol";"ArcelorMittal";"Krnov";"Hodinovka";"TdS";"VP";"Zlín";"Continental";"TdJ";"MRSAC";"MRSAC";"GPF";"Stonava";"VCL";"M60";"Paskov"
"Bielesz";"David";"Nıdek";0;0;0;0;0;0;0;0;44;0;0;0;0;0;0;0
"Brokeš";"Rostislav";"ACS DRAK VRBNO";20;0;60;0;0;0;0;0;0;0;0;0;0;0;0;0
"Èelakosky";"Dominyk";"CK Feso Petøvald";0;0;0;0;0;0;0;0;0;0;0;0;46;0;0;0
"Cyroò";"Radim";"CK Petøvald";0;0;0;0;0;0;0;0;0;0;0;0;0;0;0;39
"Fierla";"Jan";"CK Petøvald";0;44;32;40;50;"DNF";55;48;46;0;0;48;65;39;42;42
"Fišer";"Aleš";"Orlík Orlová";0;0;0;37;0;0;0;0;0;0;0;0;0;0;0;0
"FRKAL";"Jakub";"Sigma Hranice";0;0;50;0;0;0;0;0;0;0;0;0;0;0;0;0
"Glogovsky";"Daniel";"CK Petøvald";0;42;31;39;48;"DNF";0;46;0;0;0;39;50;38;40;40
"Glombek";"Štìpán";"TJ T Tøinec";0;0;0;0;0;0;0;0;0;0;0;0;0;40;0;46
"Heczko";"Filip";"TJ T Tøinec";0;55;0;0;0;0;0;0;50;0;0;0;0;0;0;0
"Hrachovina ";"Eduard ";"CK Feso Petøvald";0;48;40;55;0;60;0;0;0;0;0;60;0;60;60;50
"Huk";"Karel";"Jiøetín";0;0;0;0;0;0;0;0;0;0;0;0;0;0;39;0
"Hurník";"Ondøej";"Triatlon klub Ostrava";0;0;0;42;0;0;0;0;0;0;0;0;0;0;0;0
"Jakl";"Tomáš";"Triatlon klub Ostrava";20;0;39;44;60;44;60;55;0;0;0;56;70;46;48;55
"JANOŠEK";"Jiøí";"Sigma Hranice";0;0;35;0;0;0;0;0;0;0;0;0;0;0;0;0
"Køístek";"Martin";"YOGI Racing Ostrava 1";20;39;33;38;0;46;0;44;48;0;0;0;58;42;44;0
"Lant";"Antonín";"Cyklistika pro všechny Krnov";20;60;48;60;0;0;0;0;0;0;0;70;0;0;0;0
"Lokoè";"Dominik";"SUNDANCE TJ OPAVA";0;38;0;0;0;0;0;0;0;0;0;37;0;0;0;0
"Mrázek";"Lukáš";"CykloMax";20;0;0;0;0;0;0;0;0;0;0;0;0;0;0;0
"Petruš";"Jiøí";"ACS DRAK VRBNO";20;0;0;0;0;0;0;0;0;0;0;0;0;0;0;48
"Pokornı";"Petr";"ACK Stará Ves";0;0;0;0;0;0;0;42;0;0;0;0;0;0;0;0
"Polaèik";"Martin";"Olešná";0;0;0;0;0;0;0;0;0;0;0;42;0;0;0;0
"Reichel";"Sebastian";"Cyklistika pro všechny Krnov";20;46;37;46;55;"DNF";0;50;0;0;0;54;0;55;46;0
"Röhlich";"Robert";"SUNDANCE TJ OPAVA";0;36;0;0;0;0;0;0;0;0;0;0;0;0;0;0
"RUMIAN";"Adam";"Krnov";0;0;36;0;0;0;0;0;0;0;0;0;0;0;0;0
"Ryška";"Marek";"ACK Drak Vrbno";0;0;0;0;0;0;0;0;0;0;0;0;0;0;0;38
"SALAMACHA";"Dawid";"MERIDA Gliwice";0;0;55;0;0;0;0;0;0;0;0;0;0;0;0;0
"Schichel ";"Jakub";"YOGI Racing Ostrava 3";0;0;0;0;0;0;0;0;0;0;0;0;0;0;0;0
"Stolaøík";"Tomáš";"SK Jiøí Team Ostrava";0;0;0;48;0;55;0;60;0;0;0;0;0;50;50;0
"SZCZEPANOWSKI";"Bartosz";"MERIDA Gliwice";0;0;44;0;0;0;0;0;0;0;0;0;0;0;0;0
"Šmerda";"Daniel";"4Ever Cyklo Bulis";0;0;0;0;0;0;0;0;0;0;0;40;0;0;0;0
"ŠRÁMEK";"Vít";"Sigma Hranice";0;0;38;0;0;0;0;0;0;0;0;0;0;0;0;0
"Toloch";"Jeronım";"SUNDANCE TJ OPAVA";0;37;0;0;0;0;0;0;0;0;0;0;0;0;0;0
"TRUDZINSKI ";"Adam";"MERIDA Gliwice";0;0;42;0;0;0;0;0;0;0;0;0;0;0;0;0
"Vrabel";"Pavel";"CK Petøvald";0;40;0;0;0;0;0;0;0;0;0;0;0;0;0;0
"VİVODA";"Jan";"Sigma Hranice";0;0;34;0;0;0;0;0;60;0;0;0;0;0;0;0
"Wagner ";"Jakub";"SK VEHA Team";0;0;0;0;0;50;0;0;0;0;0;48;0;44;0;44
"Wala";"Jan";"CK Petøvald";0;50;46;50;0;48;0;0;55;0;0;55;0;48;55;60
;;;;;;;;;;;;;;;;;;
"Drustva";20;;;;;;;;;;;;;;;;;
"pøíjmení";"jméno";"klub";"Trispol";"ArcelorMittal";"Krnov";"Hodinovka";"TdS";"VP";"Zlín";"Continental";"TdJ";"MRSAC";"MRSAC";"GPF";"Stonava";"VCL";"M60";"Paskov"
"ACK Stará Ves n. Ondøejnicí";;;60;125;125;130;81;141;89;110;71;0;0;103,2;157;136;82;144
"CK Continental Frenštát p. R. 1";;;60;175;152;180;165;180;168;163;158;128;142;193;205;158;158;90
"CK Continental Frenštát p. R. 2";;;56;102,8;48;71,4;65;62;58;58;62;55;1;30;77;55;26;33
"CK Hobby Bohumín A ";;;60;128;102,6;128;127;102;30;111,8;106;60;31,2;131,4;160;113;119;74
"CK Hobby Bohumín B";;;16;26,4;29,6;29,6;29,6;0;0;28;0;0;0;0;105,2;24,8;28;51,8
"CK Orlík Orlová";;;0;99,6;93,6;102;0;98,6;0;101,6;106,8;0;0;129,6;140,8;113,4;111;112,2
"CK Petøvald";;;0;112,4;106;115;80;83;82;74,4;78,8;0;0;158;146;128;142;120
"Cyklistika pro všechny Krnov";;;52;124,8;108,6;123,2;80,8;66,4;0;108;78;0;0;140,8;86,8;88;112,8;0
"Cyklokramo Suchdol n. Odrou 1";;;56;125,8;125;141;114,4;127;124,8;152;154;0;0;170;164;144;144;161
"Cyklokramo Suchdol n. Odrou 2";;;16;54,4;36,6;30,4;32;29,6;0;55,4;31,2;0;0;71,6;71,8;28;30,4;0
"CykloservisMB-Airoo";;;0;114;16;131;0;46;0;121;129;0;0;66;168;71;39;0
"Lowelpro Šafrata team Bohumín";;;52;144;117,6;136;144;138;147;143;122;38,4;40;170;173;127,2;91,2;132
"Racing Olešná";;;20;123;81;129;130;123;80;128;129;48;0;138;155;110;109;77
"SK Maxbike Orlová";;;0;83;59;100,8;114,4;0;0;93,4;27;63,2;52,4;112,8;126,4;18;96,6;97
"SK Valašského království";;;0;109;104;90;32;0;0;29;33;39;31;89;138;86;89;55
"Skvelakola.cz";;;60;100,2;96,8;124;117;103,8;77;107,4;112;50;48,8;131;127,6;92,8;113;110,4
"Team Forman Cinelli";;;40;83;86;66;74;39;0;68;39;0;0;45;82;40;38;81
"TJ Kolík Bohumín 1";;;52;119,2;106,4;124,8;38,4;106,4;82;110,6;82,4;0;0;138,8;145,6;120,4;44;128
"TJ Kolík Bohumín 2";;;0;0;26;25,6;0;0;0;0;0;0;0;36,8;39,2;29,6;0;32
"TJ T Tøinec";;;0;104,8;0;69,6;72;35,2;0;83,6;131,8;0;0;0;0;0;36,8;36,8
"Triatlon klub Ostrava";;;56;82;83,6;103,2;113;102,2;83;108;31;31;0;116,8;137;36,8;38,4;103
"YOGI Racing Ostrava 1";;;36;137,4;137,8;130;135;132,4;66,6;151;136;68,6;28,8;165;174;130;151;115,4
"YOGI Racing Ostrava 2";;;20;104;105;79;0;122;20,8;66;40;24,8;0;0;84;55;38;27,2
"YOGI Racing Ostrava 3";;;20;106;68;99;29;26;0;0;42;0;0;37;93;23;28;29
;;;;;;;;;;;;;;;;;;
;;;;;;;;;;;;;;;;;;
"Èasovka A";2;;;;;;;;;;;;;;;;;
"pøíjmení";"jméno";"klub";"ArcelorMittal";"Stonava";;;;;;;;;;;;;;
"Záruba";"Petr";"ACK Stará Ves nad Ondøejnicí";55;60;;;;;;;;;;;;;;
"Galatík";"Roman";"CK Continental Frenštát p. R. 1";46;65;;;;;;;;;;;;;;
"Nepraš";"Karel";"ACK Stará Ves nad Ondøejnicí";50;50;;;;;;;;;;;;;;
"Kvapulínskı";"Martin";"Cube-Light";39;58;;;;;;;;;;;;;;
"Cimbálník";"Pavel";"Cyklo MXM Hulín";40;56;;;;;;;;;;;;;;
"Kusidlo ";"Mariusz";"CK Hobby Bohumín A ";38;50;;;;;;;;;;;;;;
"Štainer";"Pavel";"SK Valašského království";36;52;;;;;;;;;;;;;;
"Škoda";"Kristián";"CK Continental Frenštát p. R. 1";35;49;;;;;;;;;;;;;;
"Bubeník";"Jiøí";"CykloservisMB-Airoo";34;48;;;;;;;;;;;;;;
"Kalita";"Tomáš";"YOGI Racing Ostrava 3";33;46;;;;;;;;;;;;;;
"Pavlík ";"Petr";"Racing Olešná";31;47;;;;;;;;;;;;;;
"Willmann";"Filip";"Skvelakola.cz";30;41;;;;;;;;;;;;;;
"Gruchala";"Vojtìch";"Triatlon klub Ostrava";28;38;;;;;;;;;;;;;;
"Salomon";"Marek";"SK Maxbike Orlová";24;39;;;;;;;;;;;;;;
"Lasák";"Matìj";"MAX CURSOR Ostrava";60;0;;;;;;;;;;;;;;
"Fierla";"Ondøej";"TEAM FORMAN CINELLI";48;0;;;;;;;;;;;;;;
"Klíma";"Jirka";"CK Pøerov";44;0;;;;;;;;;;;;;;
"Malejka";"Michal";"UKS ""Sokol"" Kety";0;44;;;;;;;;;;;;;;
"Pavlík ";"Jan";"Racing Olešná";0;44;;;;;;;;;;;;;;
"Janošek";"Tomáš";"ACK Stará Ves nad Ondøejnicí";42;0;;;;;;;;;;;;;;
"Šustr";"Vilém";"ACK Stará Ves n. Ondøejnicí";37;0;;;;;;;;;;;;;;
"Kubínek";"Aleš";"CK Hobby Bohumín B";0;36;;;;;;;;;;;;;;
"Duík";"Josef";"Cube-Light Bike ";0;35;;;;;;;;;;;;;;
"Grepl";"Radim";"CK Hobby Bohumín B";0;34;;;;;;;;;;;;;;
"Novák";"Vlastimil";"Vsetín";0;33;;;;;;;;;;;;;;
"Ondrašík";"Richard";"CK Feso Petøvald";32;0;;;;;;;;;;;;;;
"Sedláèek";"Marek";"SK Jiøí team";0;32;;;;;;;;;;;;;;
"Kloda";"Petr";"Novatop-Lapierre";0;30;;;;;;;;;;;;;;
"Alickun";"Eduard";"TJ Kolík Bohumín 1";29;0;;;;;;;;;;;;;;
"Maták";"Andrej";"Cykloklub Kysuce";27;0;;;;;;;;;;;;;;
"Stocker";"Kamil";"Cube-light Bike ";0;27;;;;;;;;;;;;;;
"Diblík";"Jan";"Racing Olešná";26;0;;;;;;;;;;;;;;
"Kvarda";"Roman";"Racing Olešná ";25;0;;;;;;;;;;;;;;
"Škuta";"Vlastimil";"CK HObby Bohumín";0;25;;;;;;;;;;;;;;
"Palider";"Jan";"Triatlon klub Ostrava";23;0;;;;;;;;;;;;;;
"Šmedek";"Josef";"SK SENTIDO Karviná";0;23;;;;;;;;;;;;;;
"Pastušek ";"Jan";"SK Maxbike Orlová";22;0;;;;;;;;;;;;;;
"Musiol";"Lukáš";"YOGI Racing Ostrava 2";21;0;;;;;;;;;;;;;;
"Košák";"Lukáš";"Racing Olešná";20;0;;;;;;;;;;;;;;
;;;;;;;;;;;;;;;;;;
"Èasovka B";2;;;;;;;;;;;;;;;;;
"pøíjmení";"jméno";"klub";"ArcelorMittal";"Stonava";;;;;;;;;;;;;;
"Celta";"Tomáš";"CK Continental Frenštát p. R. 1";60;65;;;;;;;;;;;;;;
"Bában";"Marcel";"CykloservisMB-Airoo";50;70;;;;;;;;;;;;;;
"Machotka";"Karel";"YOGI Racing Ostrava 1";55;58;;;;;;;;;;;;;;
"Klášterka ";"Tomáš";"ACK Stará Ves n. Ondøejnicí";48;60;;;;;;;;;;;;;;
"Uvíra ";"Václav";"CK Orlík Orlová";46;56;;;;;;;;;;;;;;
"Chamrád";"Jiøí";"CK Continental Frenštát p. R. 1";44;52;;;;;;;;;;;;;;
"Král";"Martin";"YOGI Racing Ostrava 2";40;48;;;;;;;;;;;;;;
"Foltın";"Jiøí";"CK Hobby Bohumín A ";38;49;;;;;;;;;;;;;;
"Koláèek";"Petr";"CK Feso Petøvald";37;46;;;;;;;;;;;;;;
"Hlawiczka";"Martin";"Skvelakola.cz";35;45;;;;;;;;;;;;;;
"Stanìk ";"Pavel";"Cyklosport Pøikryl Stará Ves n. O.";32;44;;;;;;;;;;;;;;
"Toman";"Petr";"Team Forman Cinelli";31;37;;;;;;;;;;;;;;
"Vrábel";"David";"SK Valašského království";26;42;;;;;;;;;;;;;;
"Podhornı";"Jarmil";"YOGI Racing Ostrava 1";30;36;;;;;;;;;;;;;;
"Štec";"Josef";"Cyklokramo Suchdol n. O. 1";22;38;;;;;;;;;;;;;;
"Bollo";"Roman";"YOGI Racing Ostrava 1";0;54;;;;;;;;;;;;;;
"Èervenı";"Lukáš";"Baník Karviná";20;31;;;;;;;;;;;;;;
"Kubala";"Janusz";"CykloservisMB-Airoo";0;50;;;;;;;;;;;;;;
"Beníèek";"Tomáš";"CK Continental Frenštát p. R. 2";15;34;;;;;;;;;;;;;;
"Stocker";"Richard";"Cube-Light Bike";0;43;;;;;;;;;;;;;;
"Povala";"Roman";"CK Continental Frenštát p. R. 1";42;0;;;;;;;;;;;;;;
"Schnerch";"Martin";"Skvelakola.cz";0;40;;;;;;;;;;;;;;
"Kokeš";"Pavel";"SK Valašského království";39;0;;;;;;;;;;;;;;
"Kotásek";"Robert";"Cube-Light Bike";0;39;;;;;;;;;;;;;;
"Byrtus ";"Ivo";"Sport Klapka";0;37;;;;;;;;;;;;;;
"Pietrzyk";"Vratislav";"KaSK";36;0;;;;;;;;;;;;;;
"Martinák";"Tomáš";"SK Valašského království";34;0;;;;;;;;;;;;;;
"Bak";"x";"x";33;0;;;;;;;;;;;;;;
"Balica";"Lukáš";"Racing Olešná";29;0;;;;;;;;;;;;;;
"Jureèka";"Roman";"CK Continental Frenštát p. R.";28;0;;;;;;;;;;;;;;
"Malík";"Roman";"Racing Olešná";27;0;;;;;;;;;;;;;;
"Jirásek";"Josef";"YOGI Racing Ostrava 2";25;0;;;;;;;;;;;;;;
"Perutka";"Martin";"x";0;25;;;;;;;;;;;;;;
"Beneš";"Daniel";"SK VEHA TEAM";24;0;;;;;;;;;;;;;;
"Macczak";"Laszek";"x";23;0;;;;;;;;;;;;;;
"Pietrosz";"Tomáš";"x";19;0;;;;;;;;;;;;;;
"Gierc";"David";"x";18;0;;;;;;;;;;;;;;
"Novotnı ";"Jiøí";"Team Forman Cinelli";17;0;;;;;;;;;;;;;;
"Plucnar";"Pavel";"TJ T Tøinec";16;0;;;;;;;;;;;;;;
"Kroll";"Andrzej";"Skvelakola.cz";14;0;;;;;;;;;;;;;;
;;;;;;;;;;;;;;;;;;
"Èasovka C";2;;;;;;;;;;;;;;;;;
"pøíjmení";"jméno";"klub";"ArcelorMittal";"Stonava";;;;;;;;;;;;;;
"Galuška";"Tomáš";"LowellPro Šafrata team Bohumín";60;65;;;;;;;;;;;;;;
"Lysek";"Vladimír";"CK Continental Frenštát p. R. 1";55;70;;;;;;;;;;;;;;
"Satinskı";"Alexandr";"YOGI Racing Ostrava 1";44;56;;;;;;;;;;;;;;
"Grussmann";"Václav";"CK Continental Frenštát p. R. 1";46;52;;;;;;;;;;;;;;
"Wenzel";"Roman";"Max Cursor";40;54;;;;;;;;;;;;;;
"Franta";"Roman";"Racing Olešná";42;47;;;;;;;;;;;;;;
"Buchal";"Ivo";"Racing Olešná";36;50;;;;;;;;;;;;;;
"Fierla ";"Jan";"CK Feso Petøvald";37;48;;;;;;;;;;;;;;
"Sokol";"Pavel";"Cyklokramo Suchdol n. O. 1";35;49;;;;;;;;;;;;;;
"Škarka";"Jiøí";"CK Hobby Bohumín A ";33;46;;;;;;;;;;;;;;
"Šimeèek";"Radim";"Midar Pøíbor";34;41;;;;;;;;;;;;;;
"Jakl";"Jiøí";"Triatlon klub Ostrava";31;43;;;;;;;;;;;;;;
"Guziur ";"Dalibor";"Racing Olešná";32;35;;;;;;;;;;;;;;
"Beneš";"Petr";"YOGI Racing Ostrava 1";0;60;;;;;;;;;;;;;;
"Piechaczek";"Krzysztof";"Lowellpro Šafrata Bohumín";50;0;;;;;;;;;;;;;;
"Havlíèek";"Robert";"YOGI Racing Ostrava 3";48;0;;;;;;;;;;;;;;
"Klapka";"Vlastimir";"MADT SPORT Klapka";0;48;;;;;;;;;;;;;;
"Motyka";"Tomáš";"A Bike club Ostrava";0;44;;;;;;;;;;;;;;
"Dohnal";"Blahoslav";"Cyklistika pro všechny Krnov";0;42;;;;;;;;;;;;;;
"Rupa";"Miroslav";"YOGI Racing Ostrava 2";39;0;;;;;;;;;;;;;;
"Šnajder";"Roman";"Racing Olešná";38;0;;;;;;;;;;;;;;
"Lepšík";"Mirek";"x";0;30;;;;;;;;;;;;;;
"Vodièka ";"Štìpán";"Cyklosport Pøikryl Stará Ves n. O.";30;0;;;;;;;;;;;;;;
"Bartek";"Dušan";"Racing Olešná";29;0;;;;;;;;;;;;;;
;;;;;;;;;;;;;;;;;;
"Èasovka D";2;;;;;;;;;;;;;;;;;
"pøíjmení";"jméno";"klub";"ArcelorMittal";"Stonava";;;;;;;;;;;;;;
"Pelc";"Ladislav";"CK Continental Frenštát p. R. 1";60;70;;;;;;;;;;;;;;
"Adamèík";"Miroslav";"Cyklokramo Suchdol n. O. 1";50;65;;;;;;;;;;;;;;
"Baran";"Petr";"SK Bagbike";55;58;;;;;;;;;;;;;;
"Hlavatík";"Ladislav";"Racing Olešná";48;52;;;;;;;;;;;;;;
"Praski";"Henryk";"CK Hobby Bohumín A ";46;54;;;;;;;;;;;;;;
"Widenka";"Aleš";"TJ Kolík Bohumín 1";44;56;;;;;;;;;;;;;;
"Krchòák ";"Pavel";"ACK Stará Ves n. Ondøejnicí";40;49;;;;;;;;;;;;;;
"Toman";"Vladislav";"Cyklokramo Suchdol n. O. 1";39;50;;;;;;;;;;;;;;
"Lawicki";"Dariusz";"Czernica Masters";37;48;;;;;;;;;;;;;;
"Chmura";"Petr";"Team Forman Cinelli";35;45;;;;;;;;;;;;;;
"Schneider";"Rudolf";"CK Continental Frenštát p. R. 2";36;43;;;;;;;;;;;;;;
"Kontúr";"Milan";"SK Valašského království";32;44;;;;;;;;;;;;;;
"Pilecki";"Stanislav";"CykloservisMB-Airoo";30;46;;;;;;;;;;;;;;
"Lepka";"Václav";"YOGI Racing Ostrava 3";25;47;;;;;;;;;;;;;;
"Hinner";"Jiøí";"ACK Stará Ves n. Ondøejnicí";31;38;;;;;;;;;;;;;;
"Pastušek ";"Vlastimír";"SK Maxbike Orlová";27;41;;;;;;;;;;;;;;
"Vyoral";"Lubomír";"CK Hobby Bohumín A ";29;39;;;;;;;;;;;;;;
"Savka";"Miroslav";"CK Orlík Orlová";26;40;;;;;;;;;;;;;;
"Holeš";"Jiøí";"CK Hobby Bohumín A ";28;37;;;;;;;;;;;;;;
"Pekarèík";"Jiøí";"Cyklokramo Suchdol n. O. 2";24;35;;;;;;;;;;;;;;
"Slezák ";"Josef";"ForCE KCK Cykloteam Zlín";0;50;;;;;;;;;;;;;;
"Baier";"Jan";"TJ Kolík Bohumín 1";0;42;;;;;;;;;;;;;;
"Maleòák";"Richard";"x";42;0;;;;;;;;;;;;;;
"Kopøiva";"Miroslav";"CK Continental Frenštát p. R. 2";38;0;;;;;;;;;;;;;;
"Pavlík ";"Petr";"Racing Olešná";33;0;;;;;;;;;;;;;;
"Biedrawa";"Vladislav";"x";0;26;;;;;;;;;;;;;;
"Niedermajer";"Václav";"SK Bagbike";23;0;;;;;;;;;;;;;;
;;;;;;;;;;;;;;;;;;
"Èasovka E";2;;;;;;;;;;;;;;;;;
"pøíjmení";"jméno";"klub";"ArcelorMittal";"Stonava";;;;;;;;;;;;;;
"Baa ";"Vladimír";"Force KCK Cykloteam Zlín";60;65;;;;;;;;;;;;;;
"Laszczynski";"Ksawery";"CK Hobby Bohumín A ";55;60;;;;;;;;;;;;;;
"Danìèek";"Pavel";"CK Loko Krnov";50;58;;;;;;;;;;;;;;
"Tešnar";"Tomáš";"YOGI Racing Ostrava 1";48;56;;;;;;;;;;;;;;
"Mottl";"Bohumír";"TJ Kolík Bohumín 1";46;54;;;;;;;;;;;;;;
"Pavlík ";"Jiøí";"Skvelakola.cz";44;52;;;;;;;;;;;;;;
"Bluszcz";"Stefan";"LowellPro Šafrata team Bohumín";42;48;;;;;;;;;;;;;;
"Homola";"Petr";"LowellPro Šafrata team Bohumín";40;50;;;;;;;;;;;;;;
"Dubnı";"Pavel";"Cyklokramo Suchdol n. O. 2";38;46;;;;;;;;;;;;;;
"Mrnùštík";"Josef";"Cyklotech-Pro a Mrnùštík";34;47;;;;;;;;;;;;;;
"Siwek";"Stanislaw";"CK Hobby Bohumín B";33;44;;;;;;;;;;;;;;
"Skotnica";"Josef";"SKP Opava";32;43;;;;;;;;;;;;;;
"Masnı";"Milan";"Racing Olešná";0;70;;;;;;;;;;;;;;
"Kubík";"Josef";"TJ Kolík Bohumín 2";0;49;;;;;;;;;;;;;;
"Glogar";"Jan";"YOGI Racing Ostrava 2";0;45;;;;;;;;;;;;;;
"Veselı";"Petr";"TJ T Tøinec";39;0;;;;;;;;;;;;;;
"Trombik";"Emil";"TJ T Tøinec";37;0;;;;;;;;;;;;;;
"Oslzla";"Stanislav";"Brušperk";36;0;;;;;;;;;;;;;;
"Mrakvia";"Zdenìk";"Skvelakola.cz";35;0;;;;;;;;;;;;;;
"Rechtenberg";"Karel";"PJR Frenštát p.R.";0;32;;;;;;;;;;;;;;
"Dubiel";"Eugen";"x";0;31;;;;;;;;;;;;;;
;;;;;;;;;;;;;;;;;;
"Èasovka A";2;;;;;;;;;;;;;;;;;
"pøíjmení";"jméno";"klub";"ArcelorMittal";"Stonava";;;;;;;;;;;;;;
"Gruchalová";"Lucie";"LowellPro Šafrata team Bohumín";50;65;;;;;;;;;;;;;;
"Kusidlo ";"Katarzyna";"CK Hobby Bohumín A ";44;70;;;;;;;;;;;;;;
"Kotalová";"Veronika";"ACK Stará Ves n. Ondøejnicí";46;60;;;;;;;;;;;;;;
"Bøeèková";"Lucie";"SK Maxbike Orlová";40;58;;;;;;;;;;;;;;
"Tomanová";"Lucie";"Cyklokramo Suchdol n. O. 1";35;56;;;;;;;;;;;;;;
"Ublanská ";"Kamila";"CK Orlík Orlová";34;54;;;;;;;;;;;;;;
"Halmová";"Eva";"CK Orlík Orlová";33;52;;;;;;;;;;;;;;
"Bajgerová ";"Nikola";"ACK Stará Ves nad Ondøejnicí";60;0;;;;;;;;;;;;;;
"Bartošová";"Denisa";"SK Maxbike Orlová o.s.";55;0;;;;;;;;;;;;;;
"Mudøíková";"Kateøina";"x";48;0;;;;;;;;;;;;;;
"Krzyanková";"Lenka";"KC Kooperativa SG Jablonec n. N";42;0;;;;;;;;;;;;;;
"Varyšová";"Tereza";"ACK Stará Ves n. Ondøejnicí";39;0;;;;;;;;;;;;;;
"Lantová ";"Romana";"Cyklistika pro všechny Krnov";38;0;;;;;;;;;;;;;;
"Ištvánová ";"Michaela";"ACK Stará Ves nad Ondøejnicí";37;0;;;;;;;;;;;;;;
"Sladkovská";"Petra";"CK Continental Frenštát p. R. 2";36;0;;;;;;;;;;;;;;
"Frajkowská";"Ester";"CK Orlík Orlová";31;0;;;;;;;;;;;;;;
;;;;;;;;;;;;;;;;;;
"Èasovka B";2;;;;;;;;;;;;;;;;;
"pøíjmení";"jméno";"klub";"ArcelorMittal";"Stonava";;;;;;;;;;;;;;
"Jaklová";"Ivana";"LowellPro Šafrata team Bohumín";55;70;;;;;;;;;;;;;;
"Novotná";"Martina";"CK Continental Frenštát p. R. 1";60;60;;;;;;;;;;;;;;
"Dohnalová";"Jaroslava";"Cyklistika pro všechny Krnov";50;56;;;;;;;;;;;;;;
"Libenková";"Sylva";"TJ Kolík Bohumín 1";48;58;;;;;;;;;;;;;;
"Pargaèová";"Marcela";"Cyklokramo Suchdol n. O. 1";46;54;;;;;;;;;;;;;;
"Hostinská";"Petra";"SK Cyklo Chludná";0;55;;;;;;;;;;;;;;
"Lantová";"Romana";"Cyklistika pro všechny Krnov";44;0;;;;;;;;;;;;;;
"Matušková";"Zina";"Racing Olešná";42;0;;;;;;;;;;;;;;
"Maráèková";"Pavla";"SK JIØÍ TEAM";40;0;;;;;;;;;;;;;;
"Vavreèková";"Lenka";"Baník Karviná";39;0;;;;;;;;;;;;;;
;;;;;;;;;;;;;;;;;;
"Èasovka M";2;;;;;;;;;;;;;;;;;
"pøíjmení";"jméno";"klub";"ArcelorMittal";"Stonava";;;;;;;;;;;;;;
"Fierla";"Jan";"CK Petøvald";44;65;;;;;;;;;;;;;;
"Køístek";"Martin";"YOGI Racing Ostrava 1";39;58;;;;;;;;;;;;;;
"Glogovsky";"Daniel";"CK Petøvald";42;50;;;;;;;;;;;;;;
"Jakl";"Tomáš";"Triatlon klub Ostrava";0;70;;;;;;;;;;;;;;
"Lant";"Antonín";"Cyklistika pro všechny Krnov";60;0;;;;;;;;;;;;;;
"Heczko";"Filip";"TJ T Tøinec";55;0;;;;;;;;;;;;;;
"Wala";"Jan";"CK Petøvald";50;0;;;;;;;;;;;;;;
"Hrachovina ";"Eduard ";"CK Feso Petøvald";48;0;;;;;;;;;;;;;;
"Èelakosky";"Dominyk";"CK Feso Petøvald";0;46;;;;;;;;;;;;;;
"Reichel";"Sebastian";"Cyklistika pro všechny Krnov";46;0;;;;;;;;;;;;;;
"Vrabel";"Pavel";"CK Petøvald";40;0;;;;;;;;;;;;;;
"Lokoè";"Dominik";"SUNDANCE TJ OPAVA";38;0;;;;;;;;;;;;;;
"Toloch";"Jeronım";"SUNDANCE TJ OPAVA";37;0;;;;;;;;;;;;;;
"Röhlich";"Robert";"SUNDANCE TJ OPAVA";36;0;;;;;;;;;;;;;;
